"DateTime","Players","Average Players","Flags"
"2016-12-01 00:00:00",11,,
"2016-12-02 00:00:00",,,
"2016-12-03 00:00:00",,,
"2016-12-04 00:00:00",,,
"2016-12-05 00:00:00",,,
"2016-12-06 00:00:00",,,
"2016-12-07 00:00:00",,,
"2016-12-08 00:00:00",,,
"2016-12-09 00:00:00",,,
"2016-12-10 00:00:00",,,
"2016-12-11 00:00:00",,,
"2016-12-12 00:00:00",,,
"2016-12-13 00:00:00",,,
"2016-12-14 00:00:00",,,
"2016-12-15 00:00:00",,,
"2016-12-16 00:00:00",,,
"2016-12-17 00:00:00",,,
"2016-12-18 00:00:00",,,
"2016-12-19 00:00:00",,,
"2016-12-20 00:00:00",,,
"2016-12-21 00:00:00",,,
"2016-12-22 00:00:00",,,
"2016-12-23 00:00:00",,,
"2016-12-24 00:00:00",,,
"2016-12-25 00:00:00",,,
"2016-12-26 00:00:00",,,
"2016-12-27 00:00:00",,,
"2016-12-28 00:00:00",,,
"2016-12-29 00:00:00",,,
"2016-12-30 00:00:00",,,
"2016-12-31 00:00:00",,,
"2017-01-01 00:00:00",4,,
"2017-01-02 00:00:00",,,
"2017-01-03 00:00:00",,,
"2017-01-04 00:00:00",,,
"2017-01-05 00:00:00",,,
"2017-01-06 00:00:00",,,
"2017-01-07 00:00:00",,,
"2017-01-08 00:00:00",,,
"2017-01-09 00:00:00",,,
"2017-01-10 00:00:00",,,
"2017-01-11 00:00:00",,,
"2017-01-12 00:00:00",,,
"2017-01-13 00:00:00",,,
"2017-01-14 00:00:00",,,
"2017-01-15 00:00:00",,,
"2017-01-16 00:00:00",,,
"2017-01-17 00:00:00",,,
"2017-01-18 00:00:00",,,
"2017-01-19 00:00:00",,,
"2017-01-20 00:00:00",,,
"2017-01-21 00:00:00",,,
"2017-01-22 00:00:00",,,
"2017-01-23 00:00:00",,,
"2017-01-24 00:00:00",,,
"2017-01-25 00:00:00",,,
"2017-01-26 00:00:00",,,
"2017-01-27 00:00:00",,,
"2017-01-28 00:00:00",,,
"2017-01-29 00:00:00",,,
"2017-01-30 00:00:00",,,
"2017-01-31 00:00:00",,,
"2017-02-01 00:00:00",21,,
"2017-02-02 00:00:00",,,
"2017-02-03 00:00:00",,,
"2017-02-04 00:00:00",,,
"2017-02-05 00:00:00",,,
"2017-02-06 00:00:00",,,
"2017-02-07 00:00:00",,,
"2017-02-08 00:00:00",,,
"2017-02-09 00:00:00",,,
"2017-02-10 00:00:00",,,
"2017-02-11 00:00:00",,,
"2017-02-12 00:00:00",,,
"2017-02-13 00:00:00",,,
"2017-02-14 00:00:00",,,
"2017-02-15 00:00:00",,,
"2017-02-16 00:00:00",,,
"2017-02-17 00:00:00",,,
"2017-02-18 00:00:00",,,
"2017-02-19 00:00:00",,,
"2017-02-20 00:00:00",,,
"2017-02-21 00:00:00",,,
"2017-02-22 00:00:00",,,
"2017-02-23 00:00:00",,,
"2017-02-24 00:00:00",,,
"2017-02-25 00:00:00",,,
"2017-02-26 00:00:00",,,
"2017-02-27 00:00:00",,,
"2017-02-28 00:00:00",,,
"2017-03-01 00:00:00",33,,
"2017-03-02 00:00:00",,,
"2017-03-03 00:00:00",,,
"2017-03-04 00:00:00",,,
"2017-03-05 00:00:00",,,
"2017-03-06 00:00:00",,,
"2017-03-07 00:00:00",,,
"2017-03-08 00:00:00",,,
"2017-03-09 00:00:00",,,
"2017-03-10 00:00:00",,,
"2017-03-11 00:00:00",,,
"2017-03-12 00:00:00",,,
"2017-03-13 00:00:00",,,
"2017-03-14 00:00:00",,,
"2017-03-15 00:00:00",,,
"2017-03-16 00:00:00",,,
"2017-03-17 00:00:00",,,
"2017-03-18 00:00:00",,,
"2017-03-19 00:00:00",,,
"2017-03-20 00:00:00",,,
"2017-03-21 00:00:00",,,
"2017-03-22 00:00:00",,,
"2017-03-23 00:00:00",,,
"2017-03-24 00:00:00",,,
"2017-03-25 00:00:00",,,
"2017-03-26 00:00:00",,,
"2017-03-27 00:00:00",,,
"2017-03-28 00:00:00",,,
"2017-03-29 00:00:00",,,
"2017-03-30 00:00:00",,,
"2017-03-31 00:00:00",,,
"2017-04-01 00:00:00",9,,
"2017-04-02 00:00:00",,,
"2017-04-03 00:00:00",,,
"2017-04-04 00:00:00",,,
"2017-04-05 00:00:00",,,
"2017-04-06 00:00:00",,,
"2017-04-07 00:00:00",,,
"2017-04-08 00:00:00",,,
"2017-04-09 00:00:00",,,
"2017-04-10 00:00:00",,,
"2017-04-11 00:00:00",,,
"2017-04-12 00:00:00",4,,
"2017-04-13 00:00:00",4,,
"2017-04-14 00:00:00",5,,
"2017-04-15 00:00:00",4,,
"2017-04-16 00:00:00",2,,
"2017-04-17 00:00:00",2,,
"2017-04-18 00:00:00",5,,
"2017-04-19 00:00:00",5,,
"2017-04-20 00:00:00",5,,
"2017-04-21 00:00:00",4,,
"2017-04-22 00:00:00",6,,
"2017-04-23 00:00:00",1,,
"2017-04-24 00:00:00",2,,
"2017-04-25 00:00:00",3,,
"2017-04-26 00:00:00",4,,
"2017-04-27 00:00:00",4,,
"2017-04-28 00:00:00",6,,
"2017-04-29 00:00:00",4,,
"2017-04-30 00:00:00",4,,
"2017-05-01 00:00:00",1,,
"2017-05-02 00:00:00",4,,
"2017-05-03 00:00:00",7,,
"2017-05-04 00:00:00",5,,
"2017-05-05 00:00:00",5,,
"2017-05-06 00:00:00",4,,
"2017-05-07 00:00:00",1,,
"2017-05-08 00:00:00",6,,
"2017-05-09 00:00:00",3,,
"2017-05-10 00:00:00",3,,
"2017-05-11 00:00:00",4,,
"2017-05-12 00:00:00",16,,
"2017-05-13 00:00:00",10,,
"2017-05-14 00:00:00",12,,
"2017-05-15 00:00:00",5,,
"2017-05-16 00:00:00",9,,
"2017-05-17 00:00:00",10,,
"2017-05-18 00:00:00",10,,
"2017-05-19 00:00:00",5,,
"2017-05-20 00:00:00",7,,
"2017-05-21 00:00:00",9,,
"2017-05-22 00:00:00",5,,
"2017-05-23 00:00:00",6,,
"2017-05-24 00:00:00",6,,
"2017-05-25 00:00:00",3,,
"2017-05-26 00:00:00",8,,
"2017-05-27 00:00:00",6,,
"2017-05-28 00:00:00",3,,
"2017-05-29 00:00:00",5,,
"2017-05-30 00:00:00",6,,
"2017-05-31 00:00:00",3,,
"2017-06-01 00:00:00",4,,
"2017-06-02 00:00:00",2,,
"2017-06-03 00:00:00",2,,
"2017-06-04 00:00:00",5,,
"2017-06-05 00:00:00",4,,
"2017-06-06 00:00:00",5,,
"2017-06-07 00:00:00",6,,
"2017-06-08 00:00:00",4,,
"2017-06-09 00:00:00",6,,
"2017-06-10 00:00:00",7,,
"2017-06-11 00:00:00",8,,
"2017-06-12 00:00:00",7,,
"2017-06-13 00:00:00",6,,
"2017-06-14 00:00:00",5,,
"2017-06-15 00:00:00",5,,
"2017-06-16 00:00:00",6,,
"2017-06-17 00:00:00",6,,
"2017-06-18 00:00:00",7,,
"2017-06-19 00:00:00",4,,
"2017-06-20 00:00:00",8,,
"2017-06-21 00:00:00",10,,
"2017-06-22 00:00:00",4,,
"2017-06-23 00:00:00",6,,
"2017-06-24 00:00:00",5,,
"2017-06-25 00:00:00",6,,
"2017-06-26 00:00:00",123,,
"2017-06-27 00:00:00",84,,
"2017-06-28 00:00:00",62,,
"2017-06-29 00:00:00",43,,
"2017-06-30 00:00:00",40,,
"2017-07-01 00:00:00",26,,
"2017-07-02 00:00:00",28,,
"2017-07-03 00:00:00",19,,
"2017-07-04 00:00:00",22,,
"2017-07-05 00:00:00",22,,
"2017-07-06 00:00:00",17,,
"2017-07-07 00:00:00",19,,
"2017-07-08 00:00:00",14,,
"2017-07-09 00:00:00",22,,
"2017-07-10 00:00:00",22,,
"2017-07-11 00:00:00",15,,
"2017-07-12 00:00:00",12,,
"2017-07-13 00:00:00",15,,
"2017-07-14 00:00:00",12,,
"2017-07-15 00:00:00",12,,
"2017-07-16 00:00:00",12,,
"2017-07-17 00:00:00",8,,
"2017-07-18 00:00:00",6,,
"2017-07-19 00:00:00",6,,
"2017-07-20 00:00:00",7,,
"2017-07-21 00:00:00",6,,
"2017-07-22 00:00:00",8,,
"2017-07-23 00:00:00",13,,
"2017-07-24 00:00:00",7,,
"2017-07-25 00:00:00",6,,
"2017-07-26 00:00:00",5,,
"2017-07-27 00:00:00",6,,
"2017-07-28 00:00:00",10,,
"2017-07-29 00:00:00",7,,
"2017-07-30 00:00:00",5,,
"2017-07-31 00:00:00",7,,
"2017-08-01 00:00:00",8,,
"2017-08-02 00:00:00",7,,
"2017-08-03 00:00:00",6,,
"2017-08-04 00:00:00",28,,
"2017-08-05 00:00:00",19,,
"2017-08-06 00:00:00",13,,
"2017-08-07 00:00:00",10,,
"2017-08-08 00:00:00",8,,
"2017-08-09 00:00:00",7,,
"2017-08-10 00:00:00",6,,
"2017-08-11 00:00:00",9,,
"2017-08-12 00:00:00",6,,
"2017-08-13 00:00:00",9,,
"2017-08-14 00:00:00",6,,
"2017-08-15 00:00:00",9,,
"2017-08-16 00:00:00",6,,
"2017-08-17 00:00:00",12,,
"2017-08-18 00:00:00",9,,
"2017-08-19 00:00:00",10,,
"2017-08-20 00:00:00",9,,
"2017-08-21 00:00:00",7,,
"2017-08-22 00:00:00",8,,
"2017-08-23 00:00:00",6,,
"2017-08-24 00:00:00",5,,
"2017-08-25 00:00:00",10,,
"2017-08-26 00:00:00",8,,
"2017-08-27 00:00:00",7,,
"2017-08-28 00:00:00",202,,
"2017-08-29 00:00:00",135,,
"2017-08-30 00:00:00",85,,
"2017-08-31 00:00:00",77,,
"2017-09-01 00:00:00",56,,
"2017-09-02 00:00:00",67,,
"2017-09-03 00:00:00",55,,
"2017-09-04 00:00:00",45,,
"2017-09-05 00:00:00",36,,
"2017-09-06 00:00:00",26,,
"2017-09-07 00:00:00",21,,
"2017-09-08 00:00:00",26,,
"2017-09-09 00:00:00",31,,
"2017-09-10 00:00:00",34,,
"2017-09-11 00:00:00",25,,
"2017-09-12 00:00:00",16,,
"2017-09-13 00:00:00",18,,
"2017-09-14 00:00:00",18,,
"2017-09-15 00:00:00",25,,
"2017-09-16 00:00:00",30,,
"2017-09-17 00:00:00",26,,
"2017-09-18 00:00:00",14,,
"2017-09-19 00:00:00",16,,
"2017-09-20 00:00:00",18,,
"2017-09-21 00:00:00",15,,
"2017-09-22 00:00:00",19,,
"2017-09-23 00:00:00",26,,
"2017-09-24 00:00:00",22,,
"2017-09-25 00:00:00",16,,
"2017-09-26 00:00:00",15,,
"2017-09-27 00:00:00",11,,
"2017-09-28 00:00:00",15,,
"2017-09-29 00:00:00",32,,
"2017-09-30 00:00:00",42,,
"2017-10-01 00:00:00",27,,
"2017-10-02 00:00:00",15,,
"2017-10-03 00:00:00",16,,
"2017-10-04 00:00:00",16,,
"2017-10-05 00:00:00",12,,
"2017-10-06 00:00:00",19,,
"2017-10-07 00:00:00",21,,
"2017-10-08 00:00:00",13,,
"2017-10-09 00:00:00",10,,
"2017-10-10 00:00:00",10,,
"2017-10-11 00:00:00",11,,
"2017-10-12 00:00:00",13,,
"2017-10-13 00:00:00",10,,
"2017-10-14 00:00:00",12,,
"2017-10-15 00:00:00",9,,
"2017-10-16 00:00:00",9,,
"2017-10-17 00:00:00",10,,
"2017-10-18 00:00:00",9,,
"2017-10-19 00:00:00",7,,
"2017-10-20 00:00:00",13,,
"2017-10-21 00:00:00",13,,
"2017-10-22 00:00:00",8,,
"2017-10-23 00:00:00",6,,
"2017-10-24 00:00:00",15,,
"2017-10-25 00:00:00",14,,
"2017-10-26 00:00:00",13,,
"2017-10-27 00:00:00",12,,
"2017-10-28 00:00:00",9,,
"2017-10-29 00:00:00",9,,
"2017-10-30 00:00:00",18,,
"2017-10-31 00:00:00",16,,
"2017-11-01 00:00:00",14,,
"2017-11-02 00:00:00",11,,
"2017-11-03 00:00:00",23,,
"2017-11-04 00:00:00",14,,
"2017-11-05 00:00:00",11,,
"2017-11-06 00:00:00",12,,
"2017-11-07 00:00:00",8,,
"2017-11-08 00:00:00",5,,
"2017-11-09 00:00:00",13,,
"2017-11-10 00:00:00",12,,
"2017-11-11 00:00:00",10,,
"2017-11-12 00:00:00",14,,
"2017-11-13 00:00:00",10,,
"2017-11-14 00:00:00",11,,
"2017-11-15 00:00:00",6,,
"2017-11-16 00:00:00",8,,
"2017-11-17 00:00:00",7,,
"2017-11-18 00:00:00",9,,
"2017-11-19 00:00:00",13,,
"2017-11-20 00:00:00",11,,
"2017-11-21 00:00:00",8,,
"2017-11-22 00:00:00",9,,
"2017-11-23 00:00:00",9,,
"2017-11-24 00:00:00",6,,
"2017-11-25 00:00:00",13,,
"2017-11-26 00:00:00",7,,
"2017-11-27 00:00:00",11,,
"2017-11-28 00:00:00",9,,
"2017-11-29 00:00:00",10,,
"2017-11-30 00:00:00",4,,
"2017-12-01 00:00:00",9,,
"2017-12-02 00:00:00",8,,
"2017-12-03 00:00:00",8,,
"2017-12-04 00:00:00",7,,
"2017-12-05 00:00:00",8,,
"2017-12-06 00:00:00",5,,
"2017-12-07 00:00:00",9,,
"2017-12-08 00:00:00",8,,
"2017-12-09 00:00:00",9,,
"2017-12-10 00:00:00",4,,
"2017-12-11 00:00:00",5,,
"2017-12-12 00:00:00",5,,
"2017-12-13 00:00:00",5,,
"2017-12-14 00:00:00",2,,
"2017-12-15 00:00:00",7,,
"2017-12-16 00:00:00",3,,
"2017-12-17 00:00:00",3,,
"2017-12-18 00:00:00",5,,
"2017-12-19 00:00:00",5,,
"2017-12-20 00:00:00",7,,
"2017-12-21 00:00:00",5,,
"2017-12-22 00:00:00",5,,
"2017-12-23 00:00:00",4,,
"2017-12-24 00:00:00",2,,
"2017-12-25 00:00:00",4,,
"2017-12-26 00:00:00",2,,
"2017-12-27 00:00:00",5,,
"2017-12-28 00:00:00",4,,
"2017-12-29 00:00:00",2,,
"2017-12-30 00:00:00",1,,
"2017-12-31 00:00:00",3,,
"2018-01-01 00:00:00",4,,
"2018-01-02 00:00:00",4,,
"2018-01-03 00:00:00",6,,
"2018-01-04 00:00:00",4,,
"2018-01-05 00:00:00",2,,
"2018-01-06 00:00:00",1,,
"2018-01-07 00:00:00",4,,
"2018-01-08 00:00:00",7,,
"2018-01-09 00:00:00",5,,
"2018-01-10 00:00:00",4,,
"2018-01-11 00:00:00",4,,
"2018-01-12 00:00:00",3,,
"2018-01-13 00:00:00",4,,
"2018-01-14 00:00:00",5,,
"2018-01-15 00:00:00",5,,
"2018-01-16 00:00:00",5,,
"2018-01-17 00:00:00",4,,
"2018-01-18 00:00:00",6,,
"2018-01-19 00:00:00",4,,
"2018-01-20 00:00:00",3,,
"2018-01-21 00:00:00",1,,
"2018-01-22 00:00:00",6,,
"2018-01-23 00:00:00",5,,
"2018-01-24 00:00:00",4,,
"2018-01-25 00:00:00",4,,
"2018-01-26 00:00:00",4,,
"2018-01-27 00:00:00",3,,
"2018-01-28 00:00:00",1,,
"2018-01-29 00:00:00",7,,
"2018-01-30 00:00:00",8,,
"2018-01-31 00:00:00",6,,
"2018-02-01 00:00:00",8,,
"2018-02-02 00:00:00",8,,
"2018-02-03 00:00:00",3,,
"2018-02-04 00:00:00",3,,
"2018-02-05 00:00:00",6,,
"2018-02-06 00:00:00",8,,
"2018-02-07 00:00:00",11,,
"2018-02-08 00:00:00",12,,
"2018-02-09 00:00:00",9,,
"2018-02-10 00:00:00",7,,
"2018-02-11 00:00:00",6,,
"2018-02-12 00:00:00",5,,
"2018-02-13 00:00:00",8,,
"2018-02-14 00:00:00",17,,
"2018-02-15 00:00:00",15,,
"2018-02-16 00:00:00",18,,
"2018-02-17 00:00:00",20,,
"2018-02-18 00:00:00",15,,
"2018-02-19 00:00:00",15,,
"2018-02-20 00:00:00",13,,
"2018-02-21 00:00:00",14,,
"2018-02-22 00:00:00",10,,
"2018-02-23 00:00:00",22,,
"2018-02-24 00:00:00",15,,
"2018-02-25 00:00:00",17,,
"2018-02-26 00:00:00",18,,
"2018-02-27 00:00:00",48,,
"2018-02-28 00:00:00",2689,,
"2018-03-01 00:00:00",4067,,
"2018-03-02 00:00:00",3867,,
"2018-03-03 00:00:00",4157,,
"2018-03-04 00:00:00",4295,,
"2018-03-05 00:00:00",3087,,
"2018-03-06 00:00:00",2451,,
"2018-03-07 00:00:00",2396,,
"2018-03-08 00:00:00",1962,,
"2018-03-09 00:00:00",2211,,
"2018-03-10 00:00:00",2366,,
"2018-03-11 00:00:00",2278,,
"2018-03-12 00:00:00",1756,,
"2018-03-13 00:00:00",1573,,
"2018-03-14 00:00:00",1473,,
"2018-03-15 00:00:00",1246,,
"2018-03-16 00:00:00",1530,,
"2018-03-17 00:00:00",1648,,
"2018-03-18 00:00:00",1628,,
"2018-03-19 00:00:00",1173,,
"2018-03-20 00:00:00",1201,,
"2018-03-21 00:00:00",1134,,
"2018-03-22 00:00:00",1047,,
"2018-03-23 00:00:00",1258,,
"2018-03-24 00:00:00",1291,,
"2018-03-25 00:00:00",1379,,
"2018-03-26 00:00:00",1072,,
"2018-03-27 00:00:00",843,,
"2018-03-28 00:00:00",774,,
"2018-03-29 00:00:00",732,,
"2018-03-30 00:00:00",950,,
"2018-03-31 00:00:00",959,,
"2018-04-01 00:00:00",953,,
"2018-04-02 00:00:00",848,,
"2018-04-03 00:00:00",704,,
"2018-04-04 00:00:00",636,,
"2018-04-05 00:00:00",687,,
"2018-04-06 00:00:00",651,,
"2018-04-07 00:00:00",896,,
"2018-04-08 00:00:00",876,,
"2018-04-09 00:00:00",615,,
"2018-04-10 00:00:00",518,,
"2018-04-11 00:00:00",487,,
"2018-04-12 00:00:00",502,,
"2018-04-13 00:00:00",985,,
"2018-04-14 00:00:00",1686,,
"2018-04-15 00:00:00",1691,,
"2018-04-16 00:00:00",1170,,
"2018-04-17 00:00:00",986,,
"2018-04-18 00:00:00",872,,
"2018-04-19 00:00:00",793,,
"2018-04-20 00:00:00",796,,
"2018-04-21 00:00:00",958,,
"2018-04-22 00:00:00",1024,,
"2018-04-23 00:00:00",711,,
"2018-04-24 00:00:00",662,,
"2018-04-25 00:00:00",825,,
"2018-04-26 00:00:00",856,,
"2018-04-27 00:00:00",1016,,
"2018-04-28 00:00:00",1041,,
"2018-04-29 00:00:00",1185,,
"2018-04-30 00:00:00",882,,
"2018-05-01 00:00:00",937,,
"2018-05-02 00:00:00",722,,
"2018-05-03 00:00:00",654,,
"2018-05-04 00:00:00",799,,
"2018-05-05 00:00:00",873,,
"2018-05-06 00:00:00",916,,
"2018-05-07 00:00:00",653,,
"2018-05-08 00:00:00",575,,
"2018-05-09 00:00:00",503,,
"2018-05-10 00:00:00",841,,
"2018-05-11 00:00:00",1615,,
"2018-05-12 00:00:00",2674,,
"2018-05-13 00:00:00",2975,,
"2018-05-14 00:00:00",2371,,
"2018-05-15 00:00:00",1912,,
"2018-05-16 00:00:00",1507,,
"2018-05-17 00:00:00",1243,,
"2018-05-18 00:00:00",1205,,
"2018-05-19 00:00:00",1505,,
"2018-05-20 00:00:00",1435,,
"2018-05-21 00:00:00",1124,,
"2018-05-22 00:00:00",916,,
"2018-05-23 00:00:00",786,,
"2018-05-24 00:00:00",784,,
"2018-05-25 00:00:00",726,,
"2018-05-26 00:00:00",807,,
"2018-05-27 00:00:00",879,,
"2018-05-28 00:00:00",759,,
"2018-05-29 00:00:00",652,,
"2018-05-30 00:00:00",562,,
"2018-05-31 00:00:00",565,,
"2018-06-01 00:00:00",657,,
"2018-06-02 00:00:00",762,,
"2018-06-03 00:00:00",724,,
"2018-06-04 00:00:00",567,,
"2018-06-05 00:00:00",516,,
"2018-06-06 00:00:00",500,,
"2018-06-07 00:00:00",440,,
"2018-06-08 00:00:00",477,,
"2018-06-09 00:00:00",573,,
"2018-06-10 00:00:00",545,,
"2018-06-11 00:00:00",446,,
"2018-06-12 00:00:00",385,,
"2018-06-13 00:00:00",341,,
"2018-06-14 00:00:00",346,,
"2018-06-15 00:00:00",1025,,
"2018-06-16 00:00:00",1107,,
"2018-06-17 00:00:00",1142,,
"2018-06-18 00:00:00",867,,
"2018-06-19 00:00:00",856,,
"2018-06-20 00:00:00",773,,
"2018-06-21 00:00:00",849,,
"2018-06-22 00:00:00",1366,,
"2018-06-23 00:00:00",1716,,
"2018-06-24 00:00:00",2189,,
"2018-06-25 00:00:00",1888,,
"2018-06-26 00:00:00",2081,,
"2018-06-27 00:00:00",1817,,
"2018-06-28 00:00:00",1627,,
"2018-06-29 00:00:00",1610,,
"2018-06-30 00:00:00",1913,,
"2018-07-01 00:00:00",2032,,
"2018-07-02 00:00:00",1660,,
"2018-07-03 00:00:00",1952,,
"2018-07-04 00:00:00",2324,,
"2018-07-05 00:00:00",1922,,
"2018-07-06 00:00:00",1668,,
"2018-07-07 00:00:00",1741,,
"2018-07-08 00:00:00",1746,,
"2018-07-09 00:00:00",1296,,
"2018-07-10 00:00:00",1201,,
"2018-07-11 00:00:00",1113,,
"2018-07-12 00:00:00",1131,,
"2018-07-13 00:00:00",1129,,
"2018-07-14 00:00:00",1225,,
"2018-07-15 00:00:00",1231,,
"2018-07-16 00:00:00",961,,
"2018-07-17 00:00:00",885,,
"2018-07-18 00:00:00",784,,
"2018-07-19 00:00:00",819,,
"2018-07-20 00:00:00",831,,
"2018-07-21 00:00:00",957,,
"2018-07-22 00:00:00",1014,,
"2018-07-23 00:00:00",749,,
"2018-07-24 00:00:00",697,,
"2018-07-25 00:00:00",612,,
"2018-07-26 00:00:00",592,,
"2018-07-27 00:00:00",582,,
"2018-07-28 00:00:00",719,,
"2018-07-29 00:00:00",820,,
"2018-07-30 00:00:00",602,,
"2018-07-31 00:00:00",566,,
"2018-08-01 00:00:00",563,,
"2018-08-02 00:00:00",515,,
"2018-08-03 00:00:00",505,,
"2018-08-04 00:00:00",591,,
"2018-08-05 00:00:00",751,,
"2018-08-06 00:00:00",569,,
"2018-08-07 00:00:00",476,,
"2018-08-08 00:00:00",446,,
"2018-08-09 00:00:00",474,,
"2018-08-10 00:00:00",433,,
"2018-08-11 00:00:00",482,,
"2018-08-12 00:00:00",565,,
"2018-08-13 00:00:00",423,,
"2018-08-14 00:00:00",400,,
"2018-08-15 00:00:00",358,,
"2018-08-16 00:00:00",318,,
"2018-08-17 00:00:00",371,,
"2018-08-18 00:00:00",445,,
"2018-08-19 00:00:00",509,,
"2018-08-20 00:00:00",412,,
"2018-08-21 00:00:00",363,,
"2018-08-22 00:00:00",317,,
"2018-08-23 00:00:00",368,,
"2018-08-24 00:00:00",351,,
"2018-08-25 00:00:00",407,,
"2018-08-26 00:00:00",425,,
"2018-08-27 00:00:00",409,,
"2018-08-28 00:00:00",318,,
"2018-08-29 00:00:00",359,,
"2018-08-30 00:00:00",370,,
"2018-08-31 00:00:00",675,,
"2018-09-01 00:00:00",713,,
"2018-09-02 00:00:00",654,,
"2018-09-03 00:00:00",796,,
"2018-09-04 00:00:00",742,,
"2018-09-05 00:00:00",1169,,
"2018-09-06 00:00:00",1271,,
"2018-09-07 00:00:00",1318,,
"2018-09-08 00:00:00",1311,,
"2018-09-09 00:00:00",1323,,
"2018-09-10 00:00:00",939,,
"2018-09-11 00:00:00",859,,
"2018-09-12 00:00:00",736,,
"2018-09-13 00:00:00",677,,
"2018-09-14 00:00:00",682,,
"2018-09-15 00:00:00",933,,
"2018-09-16 00:00:00",862,,
"2018-09-17 00:00:00",622,,
"2018-09-18 00:00:00",565,,
"2018-09-19 00:00:00",542,,
"2018-09-20 00:00:00",1043,,
"2018-09-21 00:00:00",1025,,
"2018-09-22 00:00:00",1114,,
"2018-09-23 00:00:00",1187,,
"2018-09-24 00:00:00",856,,
"2018-09-25 00:00:00",711,,
"2018-09-26 00:00:00",687,,
"2018-09-27 00:00:00",671,,
"2018-09-28 00:00:00",787,,
"2018-09-29 00:00:00",947,,
"2018-09-30 00:00:00",980,,
"2018-10-01 00:00:00",763,,
"2018-10-02 00:00:00",734,,
"2018-10-03 00:00:00",657,,
"2018-10-04 00:00:00",669,,
"2018-10-05 00:00:00",818,,
"2018-10-06 00:00:00",974,,
"2018-10-07 00:00:00",1020,,
"2018-10-08 00:00:00",824,,
"2018-10-09 00:00:00",693,,
"2018-10-10 00:00:00",661,,
"2018-10-11 00:00:00",1221,,
"2018-10-12 00:00:00",1195,,
"2018-10-13 00:00:00",1378,,
"2018-10-14 00:00:00",1412,,
"2018-10-15 00:00:00",1025,,
"2018-10-16 00:00:00",925,,
"2018-10-17 00:00:00",903,,
"2018-10-18 00:00:00",762,,
"2018-10-19 00:00:00",866,,
"2018-10-20 00:00:00",1035,,
"2018-10-21 00:00:00",1100,,
"2018-10-22 00:00:00",845,,
"2018-10-23 00:00:00",782,,
"2018-10-24 00:00:00",686,,
"2018-10-25 00:00:00",899,,
"2018-10-26 00:00:00",837,,
"2018-10-27 00:00:00",994,,
"2018-10-28 00:00:00",1067,,
"2018-10-29 00:00:00",827,,
"2018-10-30 00:00:00",915,,
"2018-10-31 00:00:00",921,,
"2018-11-01 00:00:00",975,,
"2018-11-02 00:00:00",972,,
"2018-11-03 00:00:00",1105,,
"2018-11-04 00:00:00",1114,,
"2018-11-05 00:00:00",763,,
"2018-11-06 00:00:00",691,,
"2018-11-07 00:00:00",618,,
"2018-11-08 00:00:00",561,,
"2018-11-09 00:00:00",679,,
"2018-11-10 00:00:00",763,,
"2018-11-11 00:00:00",777,,
"2018-11-12 00:00:00",655,,
"2018-11-13 00:00:00",563,,
"2018-11-14 00:00:00",768,,
"2018-11-15 00:00:00",771,,
"2018-11-16 00:00:00",906,,
"2018-11-17 00:00:00",1224,,
"2018-11-18 00:00:00",1303,,
"2018-11-19 00:00:00",879,,
"2018-11-20 00:00:00",742,,
"2018-11-21 00:00:00",942,,
"2018-11-22 00:00:00",1067,,
"2018-11-23 00:00:00",1358,,
"2018-11-24 00:00:00",1518,,
"2018-11-25 00:00:00",1578,,
"2018-11-26 00:00:00",1272,,
"2018-11-27 00:00:00",1152,,
"2018-11-28 00:00:00",985,,
"2018-11-29 00:00:00",2546,,
"2018-11-30 00:00:00",2638,,
"2018-12-01 00:00:00",3256,,
"2018-12-02 00:00:00",3018,,
"2018-12-03 00:00:00",2248,,
"2018-12-04 00:00:00",2016,,
"2018-12-05 00:00:00",1920,,
"2018-12-06 00:00:00",1712,,
"2018-12-07 00:00:00",1578,,
"2018-12-08 00:00:00",1973,,
"2018-12-09 00:00:00",1815,,
"2018-12-10 00:00:00",1353,,
"2018-12-11 00:00:00",1197,,
"2018-12-12 00:00:00",1112,,
"2018-12-13 00:00:00",1092,,
"2018-12-14 00:00:00",1179,,
"2018-12-15 00:00:00",1626,,
"2018-12-16 00:00:00",1558,,
"2018-12-17 00:00:00",1162,,
"2018-12-18 00:00:00",1461,,
"2018-12-19 00:00:00",1388,,
"2018-12-20 00:00:00",1279,,
"2018-12-21 00:00:00",1947,,
"2018-12-22 00:00:00",2662,,
"2018-12-23 00:00:00",2690,,
"2018-12-24 00:00:00",2245,,
"2018-12-25 00:00:00",2448,,
"2018-12-26 00:00:00",2890,,
"2018-12-27 00:00:00",2738,,
"2018-12-28 00:00:00",2784,,
"2018-12-29 00:00:00",3030,,
"2018-12-30 00:00:00",3169,,
"2018-12-31 00:00:00",2707,,
"2019-01-01 00:00:00",3083,,
"2019-01-02 00:00:00",2749,,
"2019-01-03 00:00:00",2426,,
"2019-01-04 00:00:00",2566,,
"2019-01-05 00:00:00",2814,,
"2019-01-06 00:00:00",2787,,
"2019-01-07 00:00:00",2022,,
"2019-01-08 00:00:00",1777,,
"2019-01-09 00:00:00",1586,,
"2019-01-10 00:00:00",1588,,
"2019-01-11 00:00:00",1818,,
"2019-01-12 00:00:00",2420,,
"2019-01-13 00:00:00",2401,,
"2019-01-14 00:00:00",1728,,
"2019-01-15 00:00:00",1572,,
"2019-01-16 00:00:00",1471,,
"2019-01-17 00:00:00",1410,,
"2019-01-18 00:00:00",1749,,
"2019-01-19 00:00:00",2092,,
"2019-01-20 00:00:00",2252,,
"2019-01-21 00:00:00",1896,,
"2019-01-22 00:00:00",1560,,
"2019-01-23 00:00:00",1545,,
"2019-01-24 00:00:00",1416,,
"2019-01-25 00:00:00",1483,,
"2019-01-26 00:00:00",1817,,
"2019-01-27 00:00:00",1900,,
"2019-01-28 00:00:00",1470,,
"2019-01-29 00:00:00",1336,,
"2019-01-30 00:00:00",1211,,
"2019-01-31 00:00:00",1213,,
"2019-02-01 00:00:00",1271,,
"2019-02-02 00:00:00",1628,,
"2019-02-03 00:00:00",1650,,
"2019-02-04 00:00:00",1297,,
"2019-02-05 00:00:00",1239,,
"2019-02-06 00:00:00",2374,,
"2019-02-07 00:00:00",2207,,
"2019-02-08 00:00:00",2236,,
"2019-02-09 00:00:00",2804,,
"2019-02-10 00:00:00",2735,,
"2019-02-11 00:00:00",2071,,
"2019-02-12 00:00:00",1795,,
"2019-02-13 00:00:00",1584,,
"2019-02-14 00:00:00",1407,,
"2019-02-15 00:00:00",1521,,
"2019-02-16 00:00:00",1761,,
"2019-02-17 00:00:00",1804,,
"2019-02-18 00:00:00",1374,,
"2019-02-19 00:00:00",1205,,
"2019-02-20 00:00:00",1149,,
"2019-02-21 00:00:00",1015,,
"2019-02-22 00:00:00",1258,,
"2019-02-23 00:00:00",1540,,
"2019-02-24 00:00:00",1564,,
"2019-02-25 00:00:00",1674,,
"2019-02-26 00:00:00",1414,,
"2019-02-27 00:00:00",1322,,
"2019-02-28 00:00:00",4541,,
"2019-03-01 00:00:00",10855,,
"2019-03-02 00:00:00",14963,,
"2019-03-03 00:00:00",13210,,
"2019-03-04 00:00:00",5406,,
"2019-03-05 00:00:00",4349,,
"2019-03-06 00:00:00",3782,,
"2019-03-07 00:00:00",3475,,
"2019-03-08 00:00:00",3100,,
"2019-03-09 00:00:00",3734,,
"2019-03-10 00:00:00",3420,,
"2019-03-11 00:00:00",2466,,
"2019-03-12 00:00:00",2209,,
"2019-03-13 00:00:00",2070,,
"2019-03-14 00:00:00",1921,,
"2019-03-15 00:00:00",2022,,
"2019-03-16 00:00:00",2386,,
"2019-03-17 00:00:00",2357,,
"2019-03-18 00:00:00",1811,,
"2019-03-19 00:00:00",1668,,
"2019-03-20 00:00:00",1492,,
"2019-03-21 00:00:00",2757,,
"2019-03-22 00:00:00",2698,,
"2019-03-23 00:00:00",2970,,
"2019-03-24 00:00:00",3046,,
"2019-03-25 00:00:00",2202,,
"2019-03-26 00:00:00",2116,,
"2019-03-27 00:00:00",2046,,
"2019-03-28 00:00:00",1804,,
"2019-03-29 00:00:00",1931,,
"2019-03-30 00:00:00",2154,,
"2019-03-31 00:00:00",2249,,
"2019-04-01 00:00:00",1608,,
"2019-04-02 00:00:00",1560,,
"2019-04-03 00:00:00",1408,,
"2019-04-04 00:00:00",1417,,
"2019-04-05 00:00:00",1556,,
"2019-04-06 00:00:00",1863,,
"2019-04-07 00:00:00",1930,,
"2019-04-08 00:00:00",1389,,
"2019-04-09 00:00:00",1245,,
"2019-04-10 00:00:00",1319,,
"2019-04-11 00:00:00",1301,,
"2019-04-12 00:00:00",1473,,
"2019-04-13 00:00:00",1638,,
"2019-04-14 00:00:00",1738,,
"2019-04-15 00:00:00",1169,,
"2019-04-16 00:00:00",1144,,
"2019-04-17 00:00:00",1100,,
"2019-04-18 00:00:00",1159,,
"2019-04-19 00:00:00",1177,,
"2019-04-20 00:00:00",1301,,
"2019-04-21 00:00:00",1273,,
"2019-04-22 00:00:00",1023,,
"2019-04-23 00:00:00",938,,
"2019-04-24 00:00:00",967,,
"2019-04-25 00:00:00",988,,
"2019-04-26 00:00:00",1118,,
"2019-04-27 00:00:00",1301,,
"2019-04-28 00:00:00",1404,,
"2019-04-29 00:00:00",909,,
"2019-04-30 00:00:00",980,,
"2019-05-01 00:00:00",1037,,
"2019-05-02 00:00:00",992,,
"2019-05-03 00:00:00",1004,,
"2019-05-04 00:00:00",1233,,
"2019-05-05 00:00:00",1305,,
"2019-05-06 00:00:00",920,,
"2019-05-07 00:00:00",871,,
"2019-05-08 00:00:00",860,,
"2019-05-09 00:00:00",879,,
"2019-05-10 00:00:00",997,,
"2019-05-11 00:00:00",1146,,
"2019-05-12 00:00:00",1134,,
"2019-05-13 00:00:00",871,,
"2019-05-14 00:00:00",894,,
"2019-05-15 00:00:00",2167,,
"2019-05-16 00:00:00",1822,,
"2019-05-17 00:00:00",1862,,
"2019-05-18 00:00:00",1975,,
"2019-05-19 00:00:00",2180,,
"2019-05-20 00:00:00",1650,,
"2019-05-21 00:00:00",1512,,
"2019-05-22 00:00:00",1533,,
"2019-05-23 00:00:00",1970,,
"2019-05-24 00:00:00",2382,,
"2019-05-25 00:00:00",3071,,
"2019-05-26 00:00:00",3454,,
"2019-05-27 00:00:00",3504,,
"2019-05-28 00:00:00",2932,,
"2019-05-29 00:00:00",2634,,
"2019-05-30 00:00:00",2512,,
"2019-05-31 00:00:00",2261,,
"2019-06-01 00:00:00",2570,,
"2019-06-02 00:00:00",2627,,
"2019-06-03 00:00:00",1844,,
"2019-06-04 00:00:00",1714,,
"2019-06-05 00:00:00",1600,,
"2019-06-06 00:00:00",1546,,
"2019-06-07 00:00:00",1547,,
"2019-06-08 00:00:00",1842,,
"2019-06-09 00:00:00",1891,,
"2019-06-10 00:00:00",1406,,
"2019-06-11 00:00:00",1403,,
"2019-06-12 00:00:00",1389,,
"2019-06-13 00:00:00",1376,,
"2019-06-14 00:00:00",1447,,
"2019-06-15 00:00:00",1569,,
"2019-06-16 00:00:00",1828,,
"2019-06-17 00:00:00",1325,,
"2019-06-18 00:00:00",1255,,
"2019-06-19 00:00:00",1223,,
"2019-06-20 00:00:00",1534,,
"2019-06-21 00:00:00",1392,,
"2019-06-22 00:00:00",1493,,
"2019-06-23 00:00:00",1595,,
"2019-06-24 00:00:00",1277,,
"2019-06-25 00:00:00",1642,,
"2019-06-26 00:00:00",2022,,
"2019-06-27 00:00:00",2236,,
"2019-06-28 00:00:00",2270,,
"2019-06-29 00:00:00",2808,,
"2019-06-30 00:00:00",3093,,
"2019-07-01 00:00:00",2735,,
"2019-07-02 00:00:00",2509,,
"2019-07-03 00:00:00",2567,,
"2019-07-04 00:00:00",2861,,
"2019-07-05 00:00:00",2809,,
"2019-07-06 00:00:00",2800,,
"2019-07-07 00:00:00",3129,,
"2019-07-08 00:00:00",2688,,
"2019-07-09 00:00:00",2551,,
"2019-07-10 00:00:00",2211,,
"2019-07-11 00:00:00",2087,,
"2019-07-12 00:00:00",2153,,
"2019-07-13 00:00:00",2254,,
"2019-07-14 00:00:00",2347,,
"2019-07-15 00:00:00",1815,,
"2019-07-16 00:00:00",1676,,
"2019-07-17 00:00:00",1604,,
"2019-07-18 00:00:00",1523,,
"2019-07-19 00:00:00",1549,,
"2019-07-20 00:00:00",1712,,
"2019-07-21 00:00:00",1916,,
"2019-07-22 00:00:00",1482,,
"2019-07-23 00:00:00",1272,,
"2019-07-24 00:00:00",1285,,
"2019-07-25 00:00:00",1121,,
"2019-07-26 00:00:00",1234,,
"2019-07-27 00:00:00",1382,,
"2019-07-28 00:00:00",1605,,
"2019-07-29 00:00:00",1271,,
"2019-07-30 00:00:00",1242,,
"2019-07-31 00:00:00",1108,,
"2019-08-01 00:00:00",1138,,
"2019-08-02 00:00:00",1194,,
"2019-08-03 00:00:00",1392,,
"2019-08-04 00:00:00",1422,,
"2019-08-05 00:00:00",1253,,
"2019-08-06 00:00:00",1073,,
"2019-08-07 00:00:00",1143,,
"2019-08-08 00:00:00",1126,,
"2019-08-09 00:00:00",1065,,
"2019-08-10 00:00:00",1388,,
"2019-08-11 00:00:00",1421,,
"2019-08-12 00:00:00",1060,,
"2019-08-13 00:00:00",1016,,
"2019-08-14 00:00:00",825,,
"2019-08-15 00:00:00",986,,
"2019-08-16 00:00:00",1005,,
"2019-08-17 00:00:00",1192,,
"2019-08-18 00:00:00",1279,,
"2019-08-19 00:00:00",1041,,
"2019-08-20 00:00:00",884,,
"2019-08-21 00:00:00",926,,
"2019-08-22 00:00:00",903,,
"2019-08-23 00:00:00",988,,
"2019-08-24 00:00:00",1158,,
"2019-08-25 00:00:00",1166,,
"2019-08-26 00:00:00",944,,
"2019-08-27 00:00:00",875,,
"2019-08-28 00:00:00",964,,
"2019-08-29 00:00:00",1043,,
"2019-08-30 00:00:00",1113,,
"2019-08-31 00:00:00",1242,,
"2019-09-01 00:00:00",1359,,
"2019-09-02 00:00:00",1382,,
"2019-09-03 00:00:00",944,,
"2019-09-04 00:00:00",899,,
"2019-09-05 00:00:00",886,,
"2019-09-06 00:00:00",961,,
"2019-09-07 00:00:00",1193,,
"2019-09-08 00:00:00",1270,,
"2019-09-09 00:00:00",893,,
"2019-09-10 00:00:00",852,,
"2019-09-11 00:00:00",899,,
"2019-09-12 00:00:00",2921,,
"2019-09-13 00:00:00",6671,,
"2019-09-14 00:00:00",10035,,
"2019-09-15 00:00:00",9881,,
"2019-09-16 00:00:00",6080,,
"2019-09-17 00:00:00",3439,,
"2019-09-18 00:00:00",3492,,
"2019-09-19 00:00:00",3020,,
"2019-09-20 00:00:00",2860,,
"2019-09-21 00:00:00",3141,,
"2019-09-22 00:00:00",3037,,
"2019-09-23 00:00:00",2134,,
"2019-09-24 00:00:00",2040,,
"2019-09-25 00:00:00",1950,,
"2019-09-26 00:00:00",5192,,
"2019-09-27 00:00:00",4916,,
"2019-09-28 00:00:00",6064,,
"2019-09-29 00:00:00",6010,,
"2019-09-30 00:00:00",4367,,
"2019-10-01 00:00:00",3509,,
"2019-10-02 00:00:00",3435,,
"2019-10-03 00:00:00",3768,,
"2019-10-04 00:00:00",3730,,
"2019-10-05 00:00:00",4174,,
"2019-10-06 00:00:00",4153,,
"2019-10-07 00:00:00",3157,,
"2019-10-08 00:00:00",2936,,
"2019-10-09 00:00:00",2880,,
"2019-10-10 00:00:00",3213,,
"2019-10-11 00:00:00",3372,,
"2019-10-12 00:00:00",3825,,
"2019-10-13 00:00:00",3838,,
"2019-10-14 00:00:00",3024,,
"2019-10-15 00:00:00",2534,,
"2019-10-16 00:00:00",2470,,
"2019-10-17 00:00:00",2900,,
"2019-10-18 00:00:00",2827,,
"2019-10-19 00:00:00",3162,,
"2019-10-20 00:00:00",3195,,
"2019-10-21 00:00:00",2370,,
"2019-10-22 00:00:00",2216,,
"2019-10-23 00:00:00",2102,,
"2019-10-24 00:00:00",2548,,
"2019-10-25 00:00:00",2721,,
"2019-10-26 00:00:00",2753,,
"2019-10-27 00:00:00",2774,,
"2019-10-28 00:00:00",1851,,
"2019-10-29 00:00:00",1947,,
"2019-10-30 00:00:00",1920,,
"2019-10-31 00:00:00",2229,,
"2019-11-01 00:00:00",2199,,
"2019-11-02 00:00:00",2603,,
"2019-11-03 00:00:00",2634,,
"2019-11-04 00:00:00",1933,,
"2019-11-05 00:00:00",1794,,
"2019-11-06 00:00:00",1722,,
"2019-11-07 00:00:00",2039,,
"2019-11-08 00:00:00",2030,,
"2019-11-09 00:00:00",2298,,
"2019-11-10 00:00:00",2393,,
"2019-11-11 00:00:00",2045,,
"2019-11-12 00:00:00",1571,,
"2019-11-13 00:00:00",1630,,
"2019-11-14 00:00:00",1966,,
"2019-11-15 00:00:00",1774,,
"2019-11-16 00:00:00",2160,,
"2019-11-17 00:00:00",2268,,
"2019-11-18 00:00:00",1698,,
"2019-11-19 00:00:00",1528,,
"2019-11-20 00:00:00",1476,,
"2019-11-21 00:00:00",3251,,
"2019-11-22 00:00:00",3589,,
"2019-11-23 00:00:00",4208,,
"2019-11-24 00:00:00",4450,,
"2019-11-25 00:00:00",3424,,
"2019-11-26 00:00:00",3662,,
"2019-11-27 00:00:00",3569,,
"2019-11-28 00:00:00",3738,,
"2019-11-29 00:00:00",4486,,
"2019-11-30 00:00:00",4510,,
"2019-12-01 00:00:00",4615,,
"2019-12-02 00:00:00",3415,,
"2019-12-03 00:00:00",3002,,
"2019-12-04 00:00:00",2751,,
"2019-12-05 00:00:00",3144,,
"2019-12-06 00:00:00",3891,,
"2019-12-07 00:00:00",4222,,
"2019-12-08 00:00:00",4262,,
"2019-12-09 00:00:00",3298,,
"2019-12-10 00:00:00",3014,,
"2019-12-11 00:00:00",2844,,
"2019-12-12 00:00:00",3016,,
"2019-12-13 00:00:00",2822,,
"2019-12-14 00:00:00",3382,,
"2019-12-15 00:00:00",3503,,
"2019-12-16 00:00:00",2569,,
"2019-12-17 00:00:00",3040,,
"2019-12-18 00:00:00",2849,,
"2019-12-19 00:00:00",3199,,
"2019-12-20 00:00:00",3274,,
"2019-12-21 00:00:00",3867,,
"2019-12-22 00:00:00",4019,,
"2019-12-23 00:00:00",3415,,
"2019-12-24 00:00:00",2756,,
"2019-12-25 00:00:00",3181,,
"2019-12-26 00:00:00",3841,,
"2019-12-27 00:00:00",4212,,
"2019-12-28 00:00:00",4740,,
"2019-12-29 00:00:00",5091,,
"2019-12-30 00:00:00",4522,,
"2019-12-31 00:00:00",3843,,
"2020-01-01 00:00:00",5040,,
"2020-01-02 00:00:00",4686,,
"2020-01-03 00:00:00",4353,,
"2020-01-04 00:00:00",4760,,
"2020-01-05 00:00:00",4766,,
"2020-01-06 00:00:00",3522,,
"2020-01-07 00:00:00",3232,,
"2020-01-08 00:00:00",2970,,
"2020-01-09 00:00:00",3286,,
"2020-01-10 00:00:00",3383,,
"2020-01-11 00:00:00",4065,,
"2020-01-12 00:00:00",4232,,
"2020-01-13 00:00:00",2812,,
"2020-01-14 00:00:00",2607,,
"2020-01-15 00:00:00",2422,,
"2020-01-16 00:00:00",2684,,
"2020-01-17 00:00:00",2943,,
"2020-01-18 00:00:00",3569,,
"2020-01-19 00:00:00",3574,,
"2020-01-20 00:00:00",2889,,
"2020-01-21 00:00:00",2505,,
"2020-01-22 00:00:00",2304,,
"2020-01-23 00:00:00",2582,,
"2020-01-24 00:00:00",3056,,
"2020-01-25 00:00:00",3970,,
"2020-01-26 00:00:00",4399,,
"2020-01-27 00:00:00",3451,,
"2020-01-28 00:00:00",3183,,
"2020-01-29 00:00:00",3052,,
"2020-01-30 00:00:00",5245,,
"2020-01-31 00:00:00",4816,,
"2020-02-01 00:00:00",5688,,
"2020-02-02 00:00:00",5707,,
"2020-02-03 00:00:00",3994,,
"2020-02-04 00:00:00",3540,,
"2020-02-05 00:00:00",3456,,
"2020-02-06 00:00:00",4176,,
"2020-02-07 00:00:00",4374,,
"2020-02-08 00:00:00",5074,,
"2020-02-09 00:00:00",5197,,
"2020-02-10 00:00:00",3520,,
"2020-02-11 00:00:00",3339,,
"2020-02-12 00:00:00",3154,,
"2020-02-13 00:00:00",3478,,
"2020-02-14 00:00:00",3118,,
"2020-02-15 00:00:00",4341,,
"2020-02-16 00:00:00",4267,,
"2020-02-17 00:00:00",3331,,
"2020-02-18 00:00:00",2912,,
"2020-02-19 00:00:00",2695,,
"2020-02-20 00:00:00",2886,,
"2020-02-21 00:00:00",3283,,
"2020-02-22 00:00:00",3806,,
"2020-02-23 00:00:00",4076,,
"2020-02-24 00:00:00",3017,,
"2020-02-25 00:00:00",2669,,
"2020-02-26 00:00:00",2539,,
"2020-02-27 00:00:00",5367,,
"2020-02-28 00:00:00",12331,,
"2020-02-29 00:00:00",19502,,
"2020-03-01 00:00:00",20120,,
"2020-03-02 00:00:00",13586,,
"2020-03-03 00:00:00",9971,,
"2020-03-04 00:00:00",9884,,
"2020-03-05 00:00:00",9481,,
"2020-03-06 00:00:00",10292,,
"2020-03-07 00:00:00",12137,,
"2020-03-08 00:00:00",13130,,
"2020-03-09 00:00:00",9768,,
"2020-03-10 00:00:00",8959,,
"2020-03-11 00:00:00",8532,,
"2020-03-12 00:00:00",9047,,
"2020-03-13 00:00:00",8650,,
"2020-03-14 00:00:00",9259,,
"2020-03-15 00:00:00",9167,,
"2020-03-16 00:00:00",7370,,
"2020-03-17 00:00:00",6917,,
"2020-03-18 00:00:00",6369,,
"2020-03-19 00:00:00",6725,,
"2020-03-20 00:00:00",6316,,
"2020-03-21 00:00:00",7061,,
"2020-03-22 00:00:00",6403,,
"2020-03-23 00:00:00",5150,,
"2020-03-24 00:00:00",4873,,
"2020-03-25 00:00:00",4883,,
"2020-03-26 00:00:00",8565,,
"2020-03-27 00:00:00",7637,,
"2020-03-28 00:00:00",8315,,
"2020-03-29 00:00:00",7879,,
"2020-03-30 00:00:00",6341,,
"2020-03-31 00:00:00",5554,,
"2020-04-01 00:00:00",5434,,
"2020-04-02 00:00:00",5986,,
"2020-04-03 00:00:00",5869,,
"2020-04-04 00:00:00",6572,,
"2020-04-05 00:00:00",6215,,
"2020-04-06 00:00:00",4879,,
"2020-04-07 00:00:00",4851,,
"2020-04-08 00:00:00",4867,,
"2020-04-09 00:00:00",5545,,
"2020-04-10 00:00:00",5692,,
"2020-04-11 00:00:00",5661,,
"2020-04-12 00:00:00",5781,,
"2020-04-13 00:00:00",4733,,
"2020-04-14 00:00:00",4417,,
"2020-04-15 00:00:00",4333,,
"2020-04-16 00:00:00",4675,,
"2020-04-17 00:00:00",4946,,
"2020-04-18 00:00:00",5259,,
"2020-04-19 00:00:00",4981,,
"2020-04-20 00:00:00",4003,,
"2020-04-21 00:00:00",3990,,
"2020-04-22 00:00:00",3800,,
"2020-04-23 00:00:00",4374,,
"2020-04-24 00:00:00",4281,,
"2020-04-25 00:00:00",4707,,
"2020-04-26 00:00:00",4530,,
"2020-04-27 00:00:00",3718,,
"2020-04-28 00:00:00",3488,,
"2020-04-29 00:00:00",4414,,
"2020-04-30 00:00:00",4796,,
"2020-05-01 00:00:00",4756,,
"2020-05-02 00:00:00",5454,,
"2020-05-03 00:00:00",5221,,
"2020-05-04 00:00:00",4261,,
"2020-05-05 00:00:00",4330,,
"2020-05-06 00:00:00",4183,,
"2020-05-07 00:00:00",5021,,
"2020-05-08 00:00:00",5023,,
"2020-05-09 00:00:00",5902,,
"2020-05-10 00:00:00",5374,,
"2020-05-11 00:00:00",4732,,
"2020-05-12 00:00:00",4836,,
"2020-05-13 00:00:00",10755,,
"2020-05-14 00:00:00",12129,,
"2020-05-15 00:00:00",13583,,
"2020-05-16 00:00:00",14808,,
"2020-05-17 00:00:00",15579,,
"2020-05-18 00:00:00",12971,,
"2020-05-19 00:00:00",11929,,
"2020-05-20 00:00:00",11526,,
"2020-05-21 00:00:00",11210,,
"2020-05-22 00:00:00",11760,,
"2020-05-23 00:00:00",13015,,
"2020-05-24 00:00:00",12996,,
"2020-05-25 00:00:00",13015,,
"2020-05-26 00:00:00",9839,,
"2020-05-27 00:00:00",9159,,
"2020-05-28 00:00:00",9519,,
"2020-05-29 00:00:00",10349,,
"2020-05-30 00:00:00",12024,,
"2020-05-31 00:00:00",12197,,
"2020-06-01 00:00:00",9275,,
"2020-06-02 00:00:00",8855,,
"2020-06-03 00:00:00",8780,,
"2020-06-04 00:00:00",9702,,
"2020-06-05 00:00:00",9462,,
"2020-06-06 00:00:00",10855,,
"2020-06-07 00:00:00",11291,,
"2020-06-08 00:00:00",8595,,
"2020-06-09 00:00:00",8215,,
"2020-06-10 00:00:00",9856,,
"2020-06-11 00:00:00",9311,,
"2020-06-12 00:00:00",9090,,
"2020-06-13 00:00:00",9694,,
"2020-06-14 00:00:00",9999,,
"2020-06-15 00:00:00",7825,,
"2020-06-16 00:00:00",7282,,
"2020-06-17 00:00:00",6914,,
"2020-06-18 00:00:00",7432,,
"2020-06-19 00:00:00",7117,,
"2020-06-20 00:00:00",7670,,
"2020-06-21 00:00:00",7619,,
"2020-06-22 00:00:00",6107,,
"2020-06-23 00:00:00",5715,,
"2020-06-24 00:00:00",5457,,
"2020-06-25 00:00:00",6340,,
"2020-06-26 00:00:00",7938,,
"2020-06-27 00:00:00",9722,,
"2020-06-28 00:00:00",11349,,
"2020-06-29 00:00:00",9390,,
"2020-06-30 00:00:00",9035,,
"2020-07-01 00:00:00",8830,,
"2020-07-02 00:00:00",8822,,
"2020-07-03 00:00:00",10119,,
"2020-07-04 00:00:00",9290,,
"2020-07-05 00:00:00",10533,,
"2020-07-06 00:00:00",8534,,
"2020-07-07 00:00:00",8471,,
"2020-07-08 00:00:00",8470,,
"2020-07-09 00:00:00",8542,,
"2020-07-10 00:00:00",8782,,
"2020-07-11 00:00:00",9227,,
"2020-07-12 00:00:00",9253,,
"2020-07-13 00:00:00",7759,,
"2020-07-14 00:00:00",7236,,
"2020-07-15 00:00:00",6715,,
"2020-07-16 00:00:00",6680,,
"2020-07-17 00:00:00",6753,,
"2020-07-18 00:00:00",7260,,
"2020-07-19 00:00:00",7517,,
"2020-07-20 00:00:00",6118,,
"2020-07-21 00:00:00",5829,,
"2020-07-22 00:00:00",5662,,
"2020-07-23 00:00:00",5735,,
"2020-07-24 00:00:00",6026,,
"2020-07-25 00:00:00",6504,,
"2020-07-26 00:00:00",7239,,
"2020-07-27 00:00:00",5652,,
"2020-07-28 00:00:00",5650,,
"2020-07-29 00:00:00",5504,,
"2020-07-30 00:00:00",5527,,
"2020-07-31 00:00:00",5668,,
"2020-08-01 00:00:00",6122,,
"2020-08-02 00:00:00",6455,,
"2020-08-03 00:00:00",5458,,
"2020-08-04 00:00:00",5353,,
"2020-08-05 00:00:00",4857,,
"2020-08-06 00:00:00",4964,,
"2020-08-07 00:00:00",5031,,
"2020-08-08 00:00:00",5603,,
"2020-08-09 00:00:00",5833,,
"2020-08-10 00:00:00",4731,,
"2020-08-11 00:00:00",4530,,
"2020-08-12 00:00:00",4081,,
"2020-08-13 00:00:00",4305,,
"2020-08-14 00:00:00",4473,,
"2020-08-15 00:00:00",4965,,
"2020-08-16 00:00:00",5258,,
"2020-08-17 00:00:00",4028,,
"2020-08-18 00:00:00",4072,,
"2020-08-19 00:00:00",4083,,
"2020-08-20 00:00:00",4114,,
"2020-08-21 00:00:00",4366,,
"2020-08-22 00:00:00",4802,,
"2020-08-23 00:00:00",5108,,
"2020-08-24 00:00:00",4043,,
"2020-08-25 00:00:00",3951,,
"2020-08-26 00:00:00",3724,,
"2020-08-27 00:00:00",4050,,
"2020-08-28 00:00:00",4217,,
"2020-08-29 00:00:00",5012,,
"2020-08-30 00:00:00",4964,,
"2020-08-31 00:00:00",3899,,
"2020-09-01 00:00:00",3673,,
"2020-09-02 00:00:00",3660,,
"2020-09-03 00:00:00",3937,,
"2020-09-04 00:00:00",4111,,
"2020-09-05 00:00:00",4630,,
"2020-09-06 00:00:00",4643,,
"2020-09-07 00:00:00",4748,,
"2020-09-08 00:00:00",3629,,
"2020-09-09 00:00:00",3593,,
"2020-09-10 00:00:00",3952,,
"2020-09-11 00:00:00",5527,,
"2020-09-12 00:00:00",7978,,
"2020-09-13 00:00:00",9224,,
"2020-09-14 00:00:00",7720,,
"2020-09-15 00:00:00",7377,,
"2020-09-16 00:00:00",7060,,
"2020-09-17 00:00:00",7272,,
"2020-09-18 00:00:00",7534,,
"2020-09-19 00:00:00",8993,,
"2020-09-20 00:00:00",9346,,
"2020-09-21 00:00:00",7288,,
"2020-09-22 00:00:00",7032,,
"2020-09-23 00:00:00",6999,,
"2020-09-24 00:00:00",7095,,
"2020-09-25 00:00:00",7915,,
"2020-09-26 00:00:00",8930,,
"2020-09-27 00:00:00",9313,,
"2020-09-28 00:00:00",7066,,
"2020-09-29 00:00:00",6985,,
"2020-09-30 00:00:00",6379,,
"2020-10-01 00:00:00",6535,,
"2020-10-02 00:00:00",6775,,
"2020-10-03 00:00:00",7591,,
"2020-10-04 00:00:00",7884,,
"2020-10-05 00:00:00",6002,,
"2020-10-06 00:00:00",5697,,
"2020-10-07 00:00:00",5576,,
"2020-10-08 00:00:00",5816,,
"2020-10-09 00:00:00",5960,,
"2020-10-10 00:00:00",6869,,
"2020-10-11 00:00:00",6866,,
"2020-10-12 00:00:00",5815,,
"2020-10-13 00:00:00",5307,,
"2020-10-14 00:00:00",5203,,
"2020-10-15 00:00:00",5316,,
"2020-10-16 00:00:00",5509,,
"2020-10-17 00:00:00",6149,,
"2020-10-18 00:00:00",6122,,
"2020-10-19 00:00:00",4805,,
"2020-10-20 00:00:00",4667,,
"2020-10-21 00:00:00",4596,,
"2020-10-22 00:00:00",12134,,
"2020-10-23 00:00:00",11250,,
"2020-10-24 00:00:00",12371,,
"2020-10-25 00:00:00",12604,,
"2020-10-26 00:00:00",10709,,
"2020-10-27 00:00:00",9722,,
"2020-10-28 00:00:00",8911,,
"2020-10-29 00:00:00",9166,,
"2020-10-30 00:00:00",9888,,
"2020-10-31 00:00:00",10709,,
"2020-11-01 00:00:00",11619,,
"2020-11-02 00:00:00",8960,,
"2020-11-03 00:00:00",8671,,
"2020-11-04 00:00:00",8194,,
"2020-11-05 00:00:00",8744,,
"2020-11-06 00:00:00",9541,,
"2020-11-07 00:00:00",10892,,
"2020-11-08 00:00:00",10365,,
"2020-11-09 00:00:00",7719,,
"2020-11-10 00:00:00",7327,,
"2020-11-11 00:00:00",7376,,
"2020-11-12 00:00:00",7725,,
"2020-11-13 00:00:00",7916,,
"2020-11-14 00:00:00",9080,,
"2020-11-15 00:00:00",8609,,
"2020-11-16 00:00:00",6690,,
"2020-11-17 00:00:00",6280,,
"2020-11-18 00:00:00",6274,,
"2020-11-19 00:00:00",6820,,
"2020-11-20 00:00:00",7228,,
"2020-11-21 00:00:00",8462,,
"2020-11-22 00:00:00",8312,,
"2020-11-23 00:00:00",6283,,
"2020-11-24 00:00:00",5809,,
"2020-11-25 00:00:00",6476,,
"2020-11-26 00:00:00",7656,,
"2020-11-27 00:00:00",9137,,
"2020-11-28 00:00:00",9890,,
"2020-11-29 00:00:00",9791,,
"2020-11-30 00:00:00",7967,,
"2020-12-01 00:00:00",7542,,
"2020-12-02 00:00:00",7339,,
"2020-12-03 00:00:00",7736,,
"2020-12-04 00:00:00",8585,,
"2020-12-05 00:00:00",10585,,
"2020-12-06 00:00:00",10449,,
"2020-12-07 00:00:00",8334,,
"2020-12-08 00:00:00",8220,,
"2020-12-09 00:00:00",7620,,
"2020-12-10 00:00:00",6562,,
"2020-12-11 00:00:00",7016,,
"2020-12-12 00:00:00",7869,,
"2020-12-13 00:00:00",7602,,
"2020-12-14 00:00:00",7654,,
"2020-12-15 00:00:00",7694,,
"2020-12-16 00:00:00",7157,,
"2020-12-17 00:00:00",7272,,
"2020-12-18 00:00:00",7586,,
"2020-12-19 00:00:00",8877,,
"2020-12-20 00:00:00",8613,,
"2020-12-21 00:00:00",7250,,
"2020-12-22 00:00:00",7640,,
"2020-12-23 00:00:00",8504,,
"2020-12-24 00:00:00",8018,,
"2020-12-25 00:00:00",8940,,
"2020-12-26 00:00:00",11734,,
"2020-12-27 00:00:00",12422,,
"2020-12-28 00:00:00",11611,,
"2020-12-29 00:00:00",11626,,
"2020-12-30 00:00:00",12083,,
"2020-12-31 00:00:00",11199,,
"2021-01-01 00:00:00",14085,,
"2021-01-02 00:00:00",14018,,
"2021-01-03 00:00:00",13491,,
"2021-01-04 00:00:00",10745,,
"2021-01-05 00:00:00",10670,,
"2021-01-06 00:00:00",9924,,
"2021-01-07 00:00:00",10439,,
"2021-01-08 00:00:00",11464,,
"2021-01-09 00:00:00",12794,,
"2021-01-10 00:00:00",12277,,
"2021-01-11 00:00:00",9632,,
"2021-01-12 00:00:00",9023,,
"2021-01-13 00:00:00",8638,,
"2021-01-14 00:00:00",9471,,
"2021-01-15 00:00:00",10343,,
"2021-01-16 00:00:00",11992,,
"2021-01-17 00:00:00",11370,,
"2021-01-18 00:00:00",9495,,
"2021-01-19 00:00:00",8477,,
"2021-01-20 00:00:00",8105,,
"2021-01-21 00:00:00",8541,,
"2021-01-22 00:00:00",9321,,
"2021-01-23 00:00:00",11454,,
"2021-01-24 00:00:00",10711,,
"2021-01-25 00:00:00",8455,,
"2021-01-26 00:00:00",8332,,
"2021-01-27 00:00:00",8113,,
"2021-01-28 00:00:00",8854,,
"2021-01-29 00:00:00",9412,,
"2021-01-30 00:00:00",10935,,
"2021-01-31 00:00:00",10590,,
"2021-02-01 00:00:00",7977,,
"2021-02-02 00:00:00",7903,,
"2021-02-03 00:00:00",7588,,
"2021-02-04 00:00:00",15689,,
"2021-02-05 00:00:00",15274,,
"2021-02-06 00:00:00",14866,,
"2021-02-07 00:00:00",13774,,
"2021-02-08 00:00:00",9686,,
"2021-02-09 00:00:00",9064,,
"2021-02-10 00:00:00",8725,,
"2021-02-11 00:00:00",9492,,
"2021-02-12 00:00:00",11513,,
"2021-02-13 00:00:00",13780,,
"2021-02-14 00:00:00",12925,,
"2021-02-15 00:00:00",12425,,
"2021-02-16 00:00:00",10359,,
"2021-02-17 00:00:00",9576,,
"2021-02-18 00:00:00",10071,,
"2021-02-19 00:00:00",10275,,
"2021-02-20 00:00:00",11154,,
"2021-02-21 00:00:00",10814,,
"2021-02-22 00:00:00",8237,,
"2021-02-23 00:00:00",7999,,
"2021-02-24 00:00:00",7737,,
"2021-02-25 00:00:00",14231,,
"2021-02-26 00:00:00",25870,,
"2021-02-27 00:00:00",35846,,
"2021-02-28 00:00:00",36224,,
"2021-03-01 00:00:00",24910,,
"2021-03-02 00:00:00",18883,,
"2021-03-03 00:00:00",17573,,
"2021-03-04 00:00:00",17844,,
"2021-03-05 00:00:00",18638,,
"2021-03-06 00:00:00",20640,,
"2021-03-07 00:00:00",20501,,
"2021-03-08 00:00:00",15736,,
"2021-03-09 00:00:00",14821,,
"2021-03-10 00:00:00",14342,,
"2021-03-11 00:00:00",15000,,
"2021-03-12 00:00:00",16492,,
"2021-03-13 00:00:00",19324,,
"2021-03-14 00:00:00",19505,,
"2021-03-15 00:00:00",14518,,
"2021-03-16 00:00:00",13240,,
"2021-03-17 00:00:00",12210,,
"2021-03-18 00:00:00",12294,,
"2021-03-19 00:00:00",12886,,
"2021-03-20 00:00:00",13877,,
"2021-03-21 00:00:00",13424,,
"2021-03-22 00:00:00",10324,,
"2021-03-23 00:00:00",9964,,
"2021-03-24 00:00:00",9800,,
"2021-03-25 00:00:00",10032,,
"2021-03-26 00:00:00",10069,,
"2021-03-27 00:00:00",11223,,
"2021-03-28 00:00:00",10998,,
"2021-03-29 00:00:00",8400,,
"2021-03-30 00:00:00",8028,,
"2021-03-31 00:00:00",7568,,
"2021-04-01 00:00:00",8662,,
"2021-04-02 00:00:00",9164,,
"2021-04-03 00:00:00",9109,,
"2021-04-04 00:00:00",8788,,
"2021-04-05 00:00:00",7517,,
"2021-04-06 00:00:00",6786,,
"2021-04-07 00:00:00",6828,,
"2021-04-08 00:00:00",7853,,
"2021-04-09 00:00:00",8238,,
"2021-04-10 00:00:00",9109,,
"2021-04-11 00:00:00",9085,,
"2021-04-12 00:00:00",6660,,
"2021-04-13 00:00:00",6704,,
"2021-04-14 00:00:00",6488,,
"2021-04-15 00:00:00",7177,,
"2021-04-16 00:00:00",7436,,
"2021-04-17 00:00:00",8467,,
"2021-04-18 00:00:00",8035,,
"2021-04-19 00:00:00",6198,,
"2021-04-20 00:00:00",6108,,
"2021-04-21 00:00:00",5898,,
"2021-04-22 00:00:00",8554,,
"2021-04-23 00:00:00",8229,,
"2021-04-24 00:00:00",8528,,
"2021-04-25 00:00:00",8746,,
"2021-04-26 00:00:00",6508,,
"2021-04-27 00:00:00",6376,,
"2021-04-28 00:00:00",6203,,
"2021-04-29 00:00:00",7103,,
"2021-04-30 00:00:00",7025,,
"2021-05-01 00:00:00",7795,,
"2021-05-02 00:00:00",7691,,
"2021-05-03 00:00:00",6292,,
"2021-05-04 00:00:00",6024,,
"2021-05-05 00:00:00",6000,,
"2021-05-06 00:00:00",6586,,
"2021-05-07 00:00:00",6987,,
"2021-05-08 00:00:00",7650,,
"2021-05-09 00:00:00",7226,,
"2021-05-10 00:00:00",5860,,
"2021-05-11 00:00:00",5803,,
"2021-05-12 00:00:00",5933,,
"2021-05-13 00:00:00",6922,,
"2021-05-14 00:00:00",9131,,
"2021-05-15 00:00:00",11676,,
"2021-05-16 00:00:00",12887,,
"2021-05-17 00:00:00",10768,,
"2021-05-18 00:00:00",10642,,
"2021-05-19 00:00:00",10108,,
"2021-05-20 00:00:00",10970,,
"2021-05-21 00:00:00",12021,,
"2021-05-22 00:00:00",12975,,
"2021-05-23 00:00:00",13237,,
"2021-05-24 00:00:00",10267,,
"2021-05-25 00:00:00",9313,,
"2021-05-26 00:00:00",8568,,
"2021-05-27 00:00:00",8763,,
"2021-05-28 00:00:00",9075,,
"2021-05-29 00:00:00",9161,,
"2021-05-30 00:00:00",8829,,
"2021-05-31 00:00:00",8674,,
"2021-06-01 00:00:00",6873,,
"2021-06-02 00:00:00",6444,,
"2021-06-03 00:00:00",7190,,
"2021-06-04 00:00:00",7268,,
"2021-06-05 00:00:00",7885,,
"2021-06-06 00:00:00",7958,,
"2021-06-07 00:00:00",6282,,
"2021-06-08 00:00:00",5974,,
"2021-06-09 00:00:00",5818,,
"2021-06-10 00:00:00",6023,,
"2021-06-11 00:00:00",6103,,
"2021-06-12 00:00:00",6429,,
"2021-06-13 00:00:00",6855,,
"2021-06-14 00:00:00",5655,,
"2021-06-15 00:00:00",5012,,
"2021-06-16 00:00:00",5077,,
"2021-06-17 00:00:00",5658,,
"2021-06-18 00:00:00",5813,,
"2021-06-19 00:00:00",6268,,
"2021-06-20 00:00:00",6328,,
"2021-06-21 00:00:00",5179,,
"2021-06-22 00:00:00",5407,,
"2021-06-23 00:00:00",7702,,
"2021-06-24 00:00:00",10043,,
"2021-06-25 00:00:00",10473,,
"2021-06-26 00:00:00",12290,,
"2021-06-27 00:00:00",13041,,
"2021-06-28 00:00:00",10661,,
"2021-06-29 00:00:00",10669,,
"2021-06-30 00:00:00",10311,,
"2021-07-01 00:00:00",11053,,
"2021-07-02 00:00:00",11155,,
"2021-07-03 00:00:00",12508,,
"2021-07-04 00:00:00",12526,,
"2021-07-05 00:00:00",12224,,
"2021-07-06 00:00:00",10058,,
"2021-07-07 00:00:00",9654,,
"2021-07-08 00:00:00",10417,,
"2021-07-09 00:00:00",10068,,
"2021-07-10 00:00:00",11000,,
"2021-07-11 00:00:00",10699,,
"2021-07-12 00:00:00",8856,,
"2021-07-13 00:00:00",8335,,
"2021-07-14 00:00:00",7962,,
"2021-07-15 00:00:00",8338,,
"2021-07-16 00:00:00",7977,,
"2021-07-17 00:00:00",8841,,
"2021-07-18 00:00:00",8933,,
"2021-07-19 00:00:00",7218,,
"2021-07-20 00:00:00",7271,,
"2021-07-21 00:00:00",6586,,
"2021-07-22 00:00:00",6649,,
"2021-07-23 00:00:00",6872,,
"2021-07-24 00:00:00",7280,,
"2021-07-25 00:00:00",7740,,
"2021-07-26 00:00:00",6285,,
"2021-07-27 00:00:00",5895,,
"2021-07-28 00:00:00",5822,,
"2021-07-29 00:00:00",6083,,
"2021-07-30 00:00:00",6110,,
"2021-07-31 00:00:00",6808,,
"2021-08-01 00:00:00",7258,,
"2021-08-02 00:00:00",5840,,
"2021-08-03 00:00:00",5550,,
"2021-08-04 00:00:00",5583,,
"2021-08-05 00:00:00",6109,,
"2021-08-06 00:00:00",5996,,
"2021-08-07 00:00:00",6515,,
"2021-08-08 00:00:00",6963,,
"2021-08-09 00:00:00",5738,,
"2021-08-10 00:00:00",5599,,
"2021-08-11 00:00:00",5525,,
"2021-08-12 00:00:00",5420,,
"2021-08-13 00:00:00",5403,,
"2021-08-14 00:00:00",6068,,
"2021-08-15 00:00:00",6616,,
"2021-08-16 00:00:00",5395,,
"2021-08-17 00:00:00",5348,,
"2021-08-18 00:00:00",5218,,
"2021-08-19 00:00:00",5694,,
"2021-08-20 00:00:00",5775,,
"2021-08-21 00:00:00",6395,,
"2021-08-22 00:00:00",6879,,
"2021-08-23 00:00:00",5680,,
"2021-08-24 00:00:00",5562,,
"2021-08-25 00:00:00",5162,,
"2021-08-26 00:00:00",5430,,
"2021-08-27 00:00:00",5655,,
"2021-08-28 00:00:00",6925,,
"2021-08-29 00:00:00",7513,,
"2021-08-30 00:00:00",5742,,
"2021-08-31 00:00:00",5364,,
"2021-09-01 00:00:00",5559,,
"2021-09-02 00:00:00",5781,,
"2021-09-03 00:00:00",6134,,
"2021-09-04 00:00:00",6665,,
"2021-09-05 00:00:00",6899,,
"2021-09-06 00:00:00",7197,,
"2021-09-07 00:00:00",5644,,
"2021-09-08 00:00:00",5037,,
"2021-09-09 00:00:00",5274,,
"2021-09-10 00:00:00",5637,,
"2021-09-11 00:00:00",7074,,
"2021-09-12 00:00:00",7017,,
"2021-09-13 00:00:00",5798,,
"2021-09-14 00:00:00",6781,,
"2021-09-15 00:00:00",6976,,
"2021-09-16 00:00:00",7480,,
"2021-09-17 00:00:00",7638,,
"2021-09-18 00:00:00",8894,,
"2021-09-19 00:00:00",9204,,
"2021-09-20 00:00:00",7542,,
"2021-09-21 00:00:00",7239,,
"2021-09-22 00:00:00",6358,,
"2021-09-23 00:00:00",6678,,
"2021-09-24 00:00:00",6743,,
"2021-09-25 00:00:00",7764,,
"2021-09-26 00:00:00",7856,,
"2021-09-27 00:00:00",6185,,
"2021-09-28 00:00:00",5904,,
"2021-09-29 00:00:00",5224,,
"2021-09-30 00:00:00",5821,,
"2021-10-01 00:00:00",5921,,
"2021-10-02 00:00:00",6818,,
"2021-10-03 00:00:00",7098,,
"2021-10-04 00:00:00",5197,,
"2021-10-05 00:00:00",5084,,
"2021-10-06 00:00:00",4854,,
"2021-10-07 00:00:00",5329,,
"2021-10-08 00:00:00",5324,,
"2021-10-09 00:00:00",6102,,
"2021-10-10 00:00:00",6383,,
"2021-10-11 00:00:00",5209,,
"2021-10-12 00:00:00",4582,,
"2021-10-13 00:00:00",4442,,
"2021-10-14 00:00:00",4973,,
"2021-10-15 00:00:00",5219,,
"2021-10-16 00:00:00",5881,,
"2021-10-17 00:00:00",5989,,
"2021-10-18 00:00:00",4574,,
"2021-10-19 00:00:00",6382,,
"2021-10-20 00:00:00",6872,,
"2021-10-21 00:00:00",7294,,
"2021-10-22 00:00:00",7383,,
"2021-10-23 00:00:00",8459,,
"2021-10-24 00:00:00",8528,,
"2021-10-25 00:00:00",6589,,
"2021-10-26 00:00:00",8843,,
"2021-10-27 00:00:00",9119,,
"2021-10-28 00:00:00",9248,,
"2021-10-29 00:00:00",9474,,
"2021-10-30 00:00:00",10826,,
"2021-10-31 00:00:00",10625,,
"2021-11-01 00:00:00",7943,,
"2021-11-02 00:00:00",7460,,
"2021-11-03 00:00:00",7791,,
"2021-11-04 00:00:00",36201,,
"2021-11-05 00:00:00",36881,,
"2021-11-06 00:00:00",41544,,
"2021-11-07 00:00:00",41733,,
"2021-11-08 00:00:00",32435,,
"2021-11-09 00:00:00",29723,,
"2021-11-10 00:00:00",28513,,
"2021-11-11 00:00:00",31027,,
"2021-11-12 00:00:00",30741,,
"2021-11-13 00:00:00",34476,,
"2021-11-14 00:00:00",35274,,
"2021-11-15 00:00:00",26476,,
"2021-11-16 00:00:00",22772,,
"2021-11-17 00:00:00",21355,,
"2021-11-18 00:00:00",21135,,
"2021-11-19 00:00:00",21417,,
"2021-11-20 00:00:00",23131,,
"2021-11-21 00:00:00",22993,,
"2021-11-22 00:00:00",17312,,
"2021-11-23 00:00:00",16821,,
"2021-11-24 00:00:00",17119,,
"2021-11-25 00:00:00",17867,,
"2021-11-26 00:00:00",21043,,
"2021-11-27 00:00:00",21806,,
"2021-11-28 00:00:00",22286,,
"2021-11-29 00:00:00",17354,,
"2021-11-30 00:00:00",16379,,
"2021-12-01 00:00:00",16389,,
"2021-12-02 00:00:00",17165,,
"2021-12-03 00:00:00",16879,,
"2021-12-04 00:00:00",19156,,
"2021-12-05 00:00:00",19148,,
"2021-12-06 00:00:00",14256,,
"2021-12-07 00:00:00",13624,,
"2021-12-08 00:00:00",12830,,
"2021-12-09 00:00:00",13429,,
"2021-12-10 00:00:00",13589,,
"2021-12-11 00:00:00",15302,,
"2021-12-12 00:00:00",14841,,
"2021-12-13 00:00:00",11246,,
"2021-12-14 00:00:00",14404,,
"2021-12-15 00:00:00",13453,,
"2021-12-16 00:00:00",13134,,
"2021-12-17 00:00:00",13062,,
"2021-12-18 00:00:00",14649,,
"2021-12-19 00:00:00",14601,,
"2021-12-20 00:00:00",11746,,
"2021-12-21 00:00:00",11273,,
"2021-12-22 00:00:00",11908,,
"2021-12-23 00:00:00",13266,,
"2021-12-24 00:00:00",12380,,
"2021-12-25 00:00:00",12787,,
"2021-12-26 00:00:00",15416,,
"2021-12-27 00:00:00",15519,,
"2021-12-28 00:00:00",15198,,
"2021-12-29 00:00:00",15616,,
"2021-12-30 00:00:00",17044,,
"2021-12-31 00:00:00",15573,,
"2022-01-01 00:00:00",18763,,
"2022-01-02 00:00:00",18358,,
"2022-01-03 00:00:00",15648,,
"2022-01-04 00:00:00",14738,,
"2022-01-05 00:00:00",14456,,
"2022-01-06 00:00:00",15057,,
"2022-01-07 00:00:00",14913,,
"2022-01-08 00:00:00",16773,,
"2022-01-09 00:00:00",16288,,
"2022-01-10 00:00:00",12504,,
"2022-01-11 00:00:00",12123,,
"2022-01-12 00:00:00",11597,,
"2022-01-13 00:00:00",12080,,
"2022-01-14 00:00:00",12928,,
"2022-01-15 00:00:00",15452,,
"2022-01-16 00:00:00",15188,,
"2022-01-17 00:00:00",13282,,
"2022-01-18 00:00:00",11238,,
"2022-01-19 00:00:00",10576,,
"2022-01-20 00:00:00",11391,,
"2022-01-21 00:00:00",12175,,
"2022-01-22 00:00:00",14355,,
"2022-01-23 00:00:00",14030,,
"2022-01-24 00:00:00",10862,,
"2022-01-25 00:00:00",10338,,
"2022-01-26 00:00:00",10006,,
"2022-01-27 00:00:00",13840,,
"2022-01-28 00:00:00",16474,,
"2022-01-29 00:00:00",20847,,
"2022-01-30 00:00:00",20205,,
"2022-01-31 00:00:00",15273,,
"2022-02-01 00:00:00",15453,,
"2022-02-02 00:00:00",15607,,
"2022-02-03 00:00:00",16444,,
"2022-02-04 00:00:00",15422,,
"2022-02-05 00:00:00",16737,,
"2022-02-06 00:00:00",16754,,
"2022-02-07 00:00:00",12385,,
"2022-02-08 00:00:00",11181,,
"2022-02-09 00:00:00",10331,,
"2022-02-10 00:00:00",11409,,
"2022-02-11 00:00:00",12956,,
"2022-02-12 00:00:00",13407,,
"2022-02-13 00:00:00",13510,,
"2022-02-14 00:00:00",9607,,
"2022-02-15 00:00:00",9598,,
"2022-02-16 00:00:00",9669,,
"2022-02-17 00:00:00",10187,,
"2022-02-18 00:00:00",10931,,
"2022-02-19 00:00:00",11824,,
"2022-02-20 00:00:00",11867,,
"2022-02-21 00:00:00",9842,,
"2022-02-22 00:00:00",8969,,
"2022-02-23 00:00:00",8572,,
"2022-02-24 00:00:00",13005,,
"2022-02-25 00:00:00",16255,,
"2022-02-26 00:00:00",21314,,
"2022-02-27 00:00:00",21276,,
"2022-02-28 00:00:00",15155,,
"2022-03-01 00:00:00",13091,,
"2022-03-02 00:00:00",12393,,
"2022-03-03 00:00:00",12994,,
"2022-03-04 00:00:00",13684,,
"2022-03-05 00:00:00",16272,,
"2022-03-06 00:00:00",17138,,
"2022-03-07 00:00:00",12562,,
"2022-03-08 00:00:00",11187,,
"2022-03-09 00:00:00",10340,,
"2022-03-10 00:00:00",11254,,
"2022-03-11 00:00:00",11819,,
"2022-03-12 00:00:00",13591,,
"2022-03-13 00:00:00",12991,,
"2022-03-14 00:00:00",10022,,
"2022-03-15 00:00:00",9718,,
"2022-03-16 00:00:00",9342,,
"2022-03-17 00:00:00",10019,,
"2022-03-18 00:00:00",10480,,
"2022-03-19 00:00:00",11324,,
"2022-03-20 00:00:00",11182,,
"2022-03-21 00:00:00",8829,,
"2022-03-22 00:00:00",8499,,
"2022-03-23 00:00:00",8447,,
"2022-03-24 00:00:00",9668,,
"2022-03-25 00:00:00",10211,,
"2022-03-26 00:00:00",11111,,
"2022-03-27 00:00:00",11239,,
"2022-03-28 00:00:00",8471,,
"2022-03-29 00:00:00",8527,,
"2022-03-30 00:00:00",8472,,
"2022-03-31 00:00:00",9290,,
"2022-04-01 00:00:00",9588,,
"2022-04-02 00:00:00",11123,,
"2022-04-03 00:00:00",11128,,
"2022-04-04 00:00:00",8702,,
"2022-04-05 00:00:00",8549,,
"2022-04-06 00:00:00",8333,,
"2022-04-07 00:00:00",11540,,
"2022-04-08 00:00:00",11639,,
"2022-04-09 00:00:00",12936,,
"2022-04-10 00:00:00",12358,,
"2022-04-11 00:00:00",9671,,
"2022-04-12 00:00:00",9069,,
"2022-04-13 00:00:00",9655,,
"2022-04-14 00:00:00",11296,,
"2022-04-15 00:00:00",11822,,
"2022-04-16 00:00:00",12377,,
"2022-04-17 00:00:00",12415,,
"2022-04-18 00:00:00",10439,,
"2022-04-19 00:00:00",9739,,
"2022-04-20 00:00:00",9336,,
"2022-04-21 00:00:00",10393,,
"2022-04-22 00:00:00",10657,,
"2022-04-23 00:00:00",12155,,
"2022-04-24 00:00:00",12286,,
"2022-04-25 00:00:00",9358,,
"2022-04-26 00:00:00",9218,,
"2022-04-27 00:00:00",9394,,
"2022-04-28 00:00:00",28141,,
"2022-04-29 00:00:00",25965,,
"2022-04-30 00:00:00",28981,,
"2022-05-01 00:00:00",30763,,
"2022-05-02 00:00:00",23755,,
"2022-05-03 00:00:00",22966,,
"2022-05-04 00:00:00",20482,,
"2022-05-05 00:00:00",21645,,
"2022-05-06 00:00:00",21032,,
"2022-05-07 00:00:00",23406,,
"2022-05-08 00:00:00",21532,,
"2022-05-09 00:00:00",17448,,
"2022-05-10 00:00:00",15984,,
"2022-05-11 00:00:00",15774,,
"2022-05-12 00:00:00",15861,,
"2022-05-13 00:00:00",16076,,
"2022-05-14 00:00:00",17886,,
"2022-05-15 00:00:00",18457,,
"2022-05-16 00:00:00",14678,,
"2022-05-17 00:00:00",13673,,
"2022-05-18 00:00:00",13134,,
"2022-05-19 00:00:00",13579,,
"2022-05-20 00:00:00",13689,,
"2022-05-21 00:00:00",15165,,
"2022-05-22 00:00:00",15748,,
"2022-05-23 00:00:00",12866,,
"2022-05-24 00:00:00",11683,,
"2022-05-25 00:00:00",11737,,
"2022-05-26 00:00:00",12000,,
"2022-05-27 00:00:00",12019,,
"2022-05-28 00:00:00",12745,,
"2022-05-29 00:00:00",12876,,
"2022-05-30 00:00:00",12725,,
"2022-05-31 00:00:00",10293,,
"2022-06-01 00:00:00",9019,,
"2022-06-02 00:00:00",10652,,
"2022-06-03 00:00:00",10502,,
"2022-06-04 00:00:00",11568,,
"2022-06-05 00:00:00",12047,,
"2022-06-06 00:00:00",9816,,
"2022-06-07 00:00:00",9099,,
"2022-06-08 00:00:00",8894,,
"2022-06-09 00:00:00",9778,,
"2022-06-10 00:00:00",12486,,
"2022-06-11 00:00:00",17348,,
"2022-06-12 00:00:00",21156,,
"2022-06-13 00:00:00",19500,,
"2022-06-14 00:00:00",19419,,
"2022-06-15 00:00:00",19476,,
"2022-06-16 00:00:00",22198,,
"2022-06-17 00:00:00",22127,,
"2022-06-18 00:00:00",24120,,
"2022-06-19 00:00:00",25660,,
"2022-06-20 00:00:00",23710,,
"2022-06-21 00:00:00",25331,,
"2022-06-22 00:00:00",24414,,
"2022-06-23 00:00:00",25295,,
"2022-06-24 00:00:00",24129,,
"2022-06-25 00:00:00",26219,,
"2022-06-26 00:00:00",26522,,
"2022-06-27 00:00:00",23027,,
"2022-06-28 00:00:00",22674,,
"2022-06-29 00:00:00",21975,,
"2022-06-30 00:00:00",22226,,
"2022-07-01 00:00:00",22150,,
"2022-07-02 00:00:00",23983,,
"2022-07-03 00:00:00",24474,,
"2022-07-04 00:00:00",21449,,
"2022-07-05 00:00:00",20546,,
"2022-07-06 00:00:00",20446,,
"2022-07-07 00:00:00",21955,,
"2022-07-08 00:00:00",20510,,
"2022-07-09 00:00:00",21255,,
"2022-07-10 00:00:00",20650,,
"2022-07-11 00:00:00",16876,,
"2022-07-12 00:00:00",15814,,
"2022-07-13 00:00:00",15029,,
"2022-07-14 00:00:00",16238,,
"2022-07-15 00:00:00",15130,,
"2022-07-16 00:00:00",16079,,
"2022-07-17 00:00:00",15876,,
"2022-07-18 00:00:00",12756,,
"2022-07-19 00:00:00",12409,,
"2022-07-20 00:00:00",11882,,
"2022-07-21 00:00:00",13121,,
"2022-07-22 00:00:00",12943,,
"2022-07-23 00:00:00",14042,,
"2022-07-24 00:00:00",13718,,
"2022-07-25 00:00:00",11245,,
"2022-07-26 00:00:00",10656,,
"2022-07-27 00:00:00",10703,,
"2022-07-28 00:00:00",11915,,
"2022-07-29 00:00:00",11607,,
"2022-07-30 00:00:00",12562,,
"2022-07-31 00:00:00",12869,,
"2022-08-01 00:00:00",10439,,
"2022-08-02 00:00:00",9858,,
"2022-08-03 00:00:00",9688,,
"2022-08-04 00:00:00",10906,,
"2022-08-05 00:00:00",10731,,
"2022-08-06 00:00:00",12946,,
"2022-08-07 00:00:00",13688,,
"2022-08-08 00:00:00",11341,,
"2022-08-09 00:00:00",11832,,
"2022-08-10 00:00:00",11241,,
"2022-08-11 00:00:00",12752,,
"2022-08-12 00:00:00",12791,,
"2022-08-13 00:00:00",13002,,
"2022-08-14 00:00:00",12801,,
"2022-08-15 00:00:00",10772,,
"2022-08-16 00:00:00",9958,,
"2022-08-17 00:00:00",9569,,
"2022-08-18 00:00:00",10517,,
"2022-08-19 00:00:00",10383,,
"2022-08-20 00:00:00",11558,,
"2022-08-21 00:00:00",11404,,
"2022-08-22 00:00:00",8839,,
"2022-08-23 00:00:00",8572,,
"2022-08-24 00:00:00",8001,,
"2022-08-25 00:00:00",9294,,
"2022-08-26 00:00:00",8883,,
"2022-08-27 00:00:00",9973,,
"2022-08-28 00:00:00",10389,,
"2022-08-29 00:00:00",8304,,
"2022-08-30 00:00:00",7779,,
"2022-08-31 00:00:00",7583,,
"2022-09-01 00:00:00",8925,,
"2022-09-02 00:00:00",9140,,
"2022-09-03 00:00:00",10352,,
"2022-09-04 00:00:00",10618,,
"2022-09-05 00:00:00",11025,,
"2022-09-06 00:00:00",8173,,
"2022-09-07 00:00:00",8091,,
"2022-09-08 00:00:00",9028,,
"2022-09-09 00:00:00",9489,,
"2022-09-10 00:00:00",11271,,
"2022-09-11 00:00:00",11825,,
"2022-09-12 00:00:00",8727,,
"2022-09-13 00:00:00",8219,,
"2022-09-14 00:00:00",8275,,
"2022-09-15 00:00:00",12307,,
"2022-09-16 00:00:00",13283,,
"2022-09-17 00:00:00",15781,,
"2022-09-18 00:00:00",16350,,
"2022-09-19 00:00:00",13206,,
"2022-09-20 00:00:00",11963,,
"2022-09-21 00:00:00",11662,,
"2022-09-22 00:00:00",12263,,
"2022-09-23 00:00:00",13183,9630,
"2022-09-24 00:00:00",15484,12104,
"2022-09-25 00:00:00",15950,12196,
"2022-09-26 00:00:00",12266,8957,
"2022-09-27 00:00:00",11681,8542,
"2022-09-28 00:00:00",11764,8399,
"2022-09-29 00:00:00",12361,8782,
"2022-09-30 00:00:00",13212,9570,
"2022-10-01 00:00:00",14826,11542,
"2022-10-02 00:00:00",15257,11498,
"2022-10-03 00:00:00",11311,8643,
"2022-10-04 00:00:00",9716,7701,
"2022-10-05 00:00:00",9852,7106,
"2022-10-06 00:00:00",10568,7461,
"2022-10-07 00:00:00",11271,8219,
"2022-10-08 00:00:00",12947,9592,
"2022-10-09 00:00:00",13177,9693,
"2022-10-10 00:00:00",10827,7520,
"2022-10-11 00:00:00",9933,6949,
"2022-10-12 00:00:00",9690,6905,
"2022-10-13 00:00:00",10472,7343,
"2022-10-14 00:00:00",10654,7682,
"2022-10-15 00:00:00",11970,9059,
"2022-10-16 00:00:00",12001,8934,
"2022-10-17 00:00:00",9484,6547,
"2022-10-18 00:00:00",12897,7926,
"2022-10-19 00:00:00",11587,8336,
"2022-10-20 00:00:00",11450,8167,
"2022-10-21 00:00:00",12001,8446,
"2022-10-22 00:00:00",13291,10202,
"2022-10-23 00:00:00",13415,10035,
"2022-10-24 00:00:00",10173,7211,
"2022-10-25 00:00:00",10009,6947,
"2022-10-26 00:00:00",11715,7492,
"2022-10-27 00:00:00",11802,8347,
"2022-10-28 00:00:00",12295,8845,
"2022-10-29 00:00:00",14005,10438,
"2022-10-30 00:00:00",14568,10537,
"2022-10-31 00:00:00",10627,7962,
"2022-11-01 00:00:00",10563,7778,
"2022-11-02 00:00:00",10823,7369,
"2022-11-03 00:00:00",33338,16159,
"2022-11-04 00:00:00",36773,26771,
"2022-11-05 00:00:00",45592,34961,
"2022-11-06 00:00:00",46687,36728,
"2022-11-07 00:00:00",32861,26148,
"2022-11-08 00:00:00",31572,24832,
"2022-11-09 00:00:00",29358,22843,
"2022-11-10 00:00:00",29944,23272,
"2022-11-11 00:00:00",34644,26515,
"2022-11-12 00:00:00",40193,31378,
"2022-11-13 00:00:00",39029,31336,
"2022-11-14 00:00:00",29406,23132,
"2022-11-15 00:00:00",28346,22148,
"2022-11-16 00:00:00",28757,21453,
"2022-11-17 00:00:00",28285,21004,
"2022-11-18 00:00:00",28168,20827,
"2022-11-19 00:00:00",31375,24255,
"2022-11-20 00:00:00",28603,23124,
"2022-11-21 00:00:00",20710,16649,
"2022-11-22 00:00:00",19531,15602,
"2022-11-23 00:00:00",20424,15981,
"2022-11-24 00:00:00",22158,16939,
"2022-11-25 00:00:00",24739,18835,
"2022-11-26 00:00:00",28987,22488,
"2022-11-27 00:00:00",28356,22547,
"2022-11-28 00:00:00",21301,17175,
"2022-11-29 00:00:00",21567,16598,
"2022-11-30 00:00:00",20896,16060,
"2022-12-01 00:00:00",20048,15075,
"2022-12-02 00:00:00",20899,15867,
"2022-12-03 00:00:00",23779,19033,
"2022-12-04 00:00:00",22450,18435,
"2022-12-05 00:00:00",16354,13544,
"2022-12-06 00:00:00",19416,13610,
"2022-12-07 00:00:00",14285,11337,
"2022-12-08 00:00:00",15066,11846,
"2022-12-09 00:00:00",15596,12321,
"2022-12-10 00:00:00",18457,14945,
"2022-12-11 00:00:00",18169,14789,
"2022-12-12 00:00:00",13565,10974,
"2022-12-13 00:00:00",12843,10434,
"2022-12-14 00:00:00",12128,9887,
"2022-12-15 00:00:00",19283,12651,
"2022-12-16 00:00:00",20984,16656,
"2022-12-17 00:00:00",24456,20105,
"2022-12-18 00:00:00",25053,20551,
"2022-12-19 00:00:00",21322,17149,
"2022-12-20 00:00:00",20965,16911,
"2022-12-21 00:00:00",21099,17362,
"2022-12-22 00:00:00",22541,18443,
"2022-12-23 00:00:00",24002,19380,
"2022-12-24 00:00:00",22788,18860,
"2022-12-25 00:00:00",22342,18005,
"2022-12-26 00:00:00",24347,19000,
"2022-12-27 00:00:00",23486,19494,
"2022-12-28 00:00:00",23669,19331,
"2022-12-29 00:00:00",24521,19951,
"2022-12-30 00:00:00",25102,20410,
"2022-12-31 00:00:00",23000,19230,
"2023-01-01 00:00:00",26629,20460,
"2023-01-02 00:00:00",27524,21782,
"2023-01-03 00:00:00",23303,19086,
"2023-01-04 00:00:00",22849,18688,
"2023-01-05 00:00:00",23897,18810,
"2023-01-06 00:00:00",22992,18145,
"2023-01-07 00:00:00",23739,19460,
"2023-01-08 00:00:00",23554,19045,
"2023-01-09 00:00:00",17450,14415,
"2023-01-10 00:00:00",16979,13565,
"2023-01-11 00:00:00",16385,13206,
"2023-01-12 00:00:00",16801,13439,
"2023-01-13 00:00:00",18650,14494,
"2023-01-14 00:00:00",21215,17145,
"2023-01-15 00:00:00",20782,16957,
"2023-01-16 00:00:00",17777,13675,
"2023-01-17 00:00:00",15018,11982,
"2023-01-18 00:00:00",13835,11329,
"2023-01-19 00:00:00",18254,13250,
"2023-01-20 00:00:00",19030,14881,
"2023-01-21 00:00:00",22419,16990,
"2023-01-22 00:00:00",24209,18637,
"2023-01-23 00:00:00",18722,15144,
"2023-01-24 00:00:00",18666,15244,
"2023-01-25 00:00:00",19165,15606,
"2023-01-26 00:00:00",20104,16197,
"2023-01-27 00:00:00",20887,17103,
"2023-01-28 00:00:00",25632,20702,
"2023-01-29 00:00:00",26591,21024,
"2023-01-30 00:00:00",21050,17015,
"2023-01-31 00:00:00",21697,16836,
"2023-02-01 00:00:00",20226,15927,
"2023-02-02 00:00:00",20618,15762,
"2023-02-03 00:00:00",20794,16303,
"2023-02-04 00:00:00",23556,19144,
"2023-02-05 00:00:00",22585,18722,
"2023-02-06 00:00:00",16096,13378,
"2023-02-07 00:00:00",14971,12140,
"2023-02-08 00:00:00",14642,11533,
"2023-02-09 00:00:00",15523,11848,
"2023-02-10 00:00:00",15992,12432,
"2023-02-11 00:00:00",17947,14810,
"2023-02-12 00:00:00",17962,14655,
"2023-02-13 00:00:00",13417,10429,
"2023-02-14 00:00:00",11939,9686,
"2023-02-15 00:00:00",12533,9502,
"2023-02-16 00:00:00",13445,10266,
"2023-02-17 00:00:00",14991,11152,
"2023-02-18 00:00:00",16795,13493,
"2023-02-19 00:00:00",19871,15377,
"2023-02-20 00:00:00",17857,12558,
"2023-02-21 00:00:00",15339,11401,
"2023-02-22 00:00:00",15921,11430,
"2023-02-23 00:00:00",16399,12289,
"2023-02-24 00:00:00",16572,12454,
"2023-02-25 00:00:00",19119,14627,
"2023-02-26 00:00:00",18482,14520,
"2023-02-27 00:00:00",14036,10327,
"2023-02-28 00:00:00",13256,9808,
"2023-03-01 00:00:00",13124,9393,
"2023-03-02 00:00:00",20970,12935,
"2023-03-03 00:00:00",26476,18685,
"2023-03-04 00:00:00",33696,26222,
"2023-03-05 00:00:00",35949,28540,
"2023-03-06 00:00:00",28043,21342,
"2023-03-07 00:00:00",27823,20948,
"2023-03-08 00:00:00",27547,20874,
"2023-03-09 00:00:00",27278,20742,
"2023-03-10 00:00:00",29509,22569,
"2023-03-11 00:00:00",35578,28063,
"2023-03-12 00:00:00",36484,28912,
"2023-03-13 00:00:00",29151,21503,
"2023-03-14 00:00:00",28305,20822,
"2023-03-15 00:00:00",28356,20830,
"2023-03-16 00:00:00",28282,21276,
"2023-03-17 00:00:00",30522,22213,
"2023-03-18 00:00:00",35836,26941,
"2023-03-19 00:00:00",35699,27606,
"2023-03-20 00:00:00",27121,20257,
"2023-03-21 00:00:00",26710,19604,
"2023-03-22 00:00:00",26994,19230,
"2023-03-23 00:00:00",28452,19606,
"2023-03-24 00:00:00",28520,20172,
"2023-03-25 00:00:00",31178,23094,
"2023-03-26 00:00:00",30428,22363,
"2023-03-27 00:00:00",22508,16353,
"2023-03-28 00:00:00",21721,15456,
"2023-03-29 00:00:00",20863,14984,
"2023-03-30 00:00:00",22127,15468,
"2023-03-31 00:00:00",23401,16862,
"2023-04-01 00:00:00",26326,20080,
"2023-04-02 00:00:00",25834,19763,
"2023-04-03 00:00:00",19778,14643,
"2023-04-04 00:00:00",24044,16298,
"2023-04-05 00:00:00",21812,17377,
"2023-04-06 00:00:00",22684,16433,
"2023-04-07 00:00:00",24530,17974,
"2023-04-08 00:00:00",23986,18588,
"2023-04-09 00:00:00",22236,17851,
"2023-04-10 00:00:00",19791,14595,
"2023-04-11 00:00:00",17006,12629,
"2023-04-12 00:00:00",16465,11800,
"2023-04-13 00:00:00",16760,11914,
"2023-04-14 00:00:00",17492,12825,
"2023-04-15 00:00:00",19985,15273,
"2023-04-16 00:00:00",19854,15147,
"2023-04-17 00:00:00",14646,10879,
"2023-04-18 00:00:00",14579,10508,
"2023-04-19 00:00:00",14939,10399,
"2023-04-20 00:00:00",15493,11075,
"2023-04-21 00:00:00",18772,13412,
"2023-04-22 00:00:00",22734,17454,
"2023-04-23 00:00:00",24668,18409,
"2023-04-24 00:00:00",19946,14538,
"2023-04-25 00:00:00",20227,14345,
"2023-04-26 00:00:00",18481,13491,
"2023-04-27 00:00:00",20500,14250,
"2023-04-28 00:00:00",21438,15615,
"2023-04-29 00:00:00",24770,19162,
"2023-04-30 00:00:00",27583,20331,
"2023-05-01 00:00:00",24087,18091,
"2023-05-02 00:00:00",19989,15237,
"2023-05-03 00:00:00",20110,14796,
"2023-05-04 00:00:00",21596,15134,
"2023-05-05 00:00:00",21972,15922,
"2023-05-06 00:00:00",24918,18212,
"2023-05-07 00:00:00",23521,18452,
"2023-05-08 00:00:00",19157,14103,
"2023-05-09 00:00:00",17147,12621,
"2023-05-10 00:00:00",16535,11828,
"2023-05-11 00:00:00",17090,12277,
"2023-05-12 00:00:00",17720,13075,
"2023-05-13 00:00:00",20239,15292,
"2023-05-14 00:00:00",18859,14684,
"2023-05-15 00:00:00",15253,10942,
"2023-05-16 00:00:00",14767,10535,
"2023-05-17 00:00:00",15638,10988,
"2023-05-18 00:00:00",16838,12017,
"2023-05-19 00:00:00",16760,12508,
"2023-05-20 00:00:00",18668,14523,
"2023-05-21 00:00:00",18710,14320,
"2023-05-22 00:00:00",15342,10979,
"2023-05-23 00:00:00",14706,10544,
"2023-05-24 00:00:00",14196,10151,
"2023-05-25 00:00:00",14881,10695,
"2023-05-26 00:00:00",15385,11501,
"2023-05-27 00:00:00",16885,13251,
"2023-05-28 00:00:00",17079,13126,
"2023-05-29 00:00:00",16811,11848,
"2023-05-30 00:00:00",13804,10063,
"2023-05-31 00:00:00",14204,10183,
"2023-06-01 00:00:00",16513,11407,
"2023-06-02 00:00:00",16459,12237,
"2023-06-03 00:00:00",18111,14027,
"2023-06-04 00:00:00",18856,14091,
"2023-06-05 00:00:00",15268,11013,
"2023-06-06 00:00:00",14555,10350,
"2023-06-07 00:00:00",14095,10104,
"2023-06-08 00:00:00",14813,10837,
"2023-06-09 00:00:00",14963,11276,
"2023-06-10 00:00:00",15944,12548,
"2023-06-11 00:00:00",17065,12716,
"2023-06-12 00:00:00",14268,10481,
"2023-06-13 00:00:00",13960,9819,
"2023-06-14 00:00:00",14012,9905,
"2023-06-15 00:00:00",33127,19151,
"2023-06-16 00:00:00",31136,23422,
"2023-06-17 00:00:00",33569,26383,
"2023-06-18 00:00:00",34835,27060,
"2023-06-19 00:00:00",33056,23308,
"2023-06-20 00:00:00",30718,22334,
"2023-06-21 00:00:00",29960,22335,
"2023-06-22 00:00:00",30774,23158,
"2023-06-23 00:00:00",31073,23577,
"2023-06-24 00:00:00",33337,25569,
"2023-06-25 00:00:00",35016,26276,
"2023-06-26 00:00:00",30017,22421,
"2023-06-27 00:00:00",29568,21949,
"2023-06-28 00:00:00",28539,21347,
"2023-06-29 00:00:00",28042,21347,